,id_eess,codigo_renaes,categoria,nombre,diresa,red,direccion,longitud,latitud,id_ubigeo,ind,CCDD,NOMBDEP,CCPP,NOMBPROV,CCDI,NOMBDIST,CAPITAL,UBIGEO,IDPROV,CODIGO,CNT_CCPP,DESCRIPCIO,Centroid_Latitude,Centroid_Longitude,distancia,travel_time_best_guess,travel_time_pessimistic,travel_time_optimistic,travel_distance_best_guess,travel_distance_pessimistic,travel_distance_optimistic,travel_time_pesimistic,travel_distance_pesimistic
1191,26156,6995,I-1,PISAGUAS,CAJAMARCA,SAN IGNACIO,OTROS COMUNIDAD DE PISAGUAS DISTRITO HUARANGO PROVINCIA SAN IGNACIO DEPARTAMENTO CAJAMARCA,-78.64009333,-5.24869333,650,1,1,AMAZONAS,2,BAGUA,5,IMAZA,CHIRIACO,10205,102,10205,159,IMAZA,-4.99126684432514,-78.38959521553005,39.86263428412445,,,,,,,,
526,25604,4640,I-3,LA TULPUNA,CAJAMARCA,CAJAMARCA,AVENIDA AV. ALFONSO UGARTE S/N S/N AV. ALFONSO UGARTE S/N CAJAMARCA CAJAMARCA CAJAMARCA,-78.55323,-7.06213,563,1,6,CAJAMARCA,1,CAJAMARCA,1,CAJAMARCA,CAJAMARCA,60101,601,60101,126,CAJAMARCA,-7.077465094056442,-78.56111128956503,1.9141647110836941,2674.0,2674.0,2674.0,17798.0,17798.0,17798.0,,
712,7185,4625,I-2,ASUNCION,CAJAMARCA,CAJAMARCA,JIRÓN JR. EL INCA N° 358 JR. EL INCA N° 358 ASUNCION CAJAMARCA CAJAMARCA,-78.51852644,-7.32536372,564,1,6,CAJAMARCA,1,CAJAMARCA,2,ASUNCION,ASUNCION,60102,601,60102,77,ASUNCION,-7.338237028825001,-78.5271835710878,1.7206402850543796,156.0,156.0,156.0,463.0,463.0,463.0,,
728,7777,4653,I-2,CHETILLA,CAJAMARCA,CAJAMARCA,JIRÓN JR. SAN PEDRO S/N S/N JR. SAN PEDRO S/N CHETILLA CAJAMARCA CAJAMARCA,-78.6737509,-7.14631393,565,1,6,CAJAMARCA,1,CAJAMARCA,3,CHETILLA,CHETILLA,60103,601,60103,40,CHETILLA,-7.142504145663757,-78.65402714365003,2.2170035944327897,1641.0,1641.0,1641.0,11087.0,11087.0,11087.0,,
715,9447,4627,I-2,COSPAN,CAJAMARCA,CAJAMARCA,JIRÓN JR. BOLIVAR S/N S/N JR. BOLIVAR S/N COSPAN CAJAMARCA CAJAMARCA,-78.54295072,-7.42671499,566,1,6,CAJAMARCA,1,CAJAMARCA,4,COSPAN,COSPAN,60104,601,60104,63,COSPAN,-7.453031861989977,-78.51685530281875,4.1038776555362135,13.0,13.0,13.0,71.0,71.0,71.0,,
497,9366,4599,I-1,YERBA BUENA,CAJAMARCA,CAJAMARCA,OTROS COMUNIDAD DE YERBA BUENA DISTRITO ENCAÑADA PROVINCIA CAJAMARCA DEPARTAMENTO CAJAMARCA,-78.37325155,-6.99192237,567,1,6,CAJAMARCA,1,CAJAMARCA,5,ENCAÑADA,ENCAÑADA,60105,601,60105,110,ENCAÑADA,-6.98522815524193,-78.40294104106351,3.360275366178385,2977.0,,2977.0,18939.0,,18939.0,2977.0,18939.0
723,7776,4635,I-1,EL CARMEN,CAJAMARCA,CAJAMARCA,OTROS COMUNIDAD EL CARMEN DISTRITO JESUS PROVINCIA CAJAMARCA DEPARTAMENTO CAJAMARCA,-78.32248816,-7.3008959,568,1,6,CAJAMARCA,1,CAJAMARCA,6,JESUS,JESUS,60106,601,60106,65,JESUS,-7.298307992783807,-78.36664819792553,4.8790684289087505,2656.0,2656.0,2656.0,16045.0,16045.0,16045.0,,
512,22304,4604,I-2,LLACANORA,CAJAMARCA,CAJAMARCA,OTROS PROLG. CATARATAS N° 311 PROLG. CATARATAS N° 311 LLACANORA CAJAMARCA CAJAMARCA,-78.42567616,-7.19224192,569,1,6,CAJAMARCA,1,CAJAMARCA,7,LLACANORA,LLACANORA,60107,601,60107,47,LLACANORA,-7.189598635181219,-78.41184104232502,1.5543373083770409,74.0,74.0,74.0,236.0,236.0,236.0,,
484,4380,4650,I-1,HUACATAZ,CAJAMARCA,CAJAMARCA,OTROS COMUNIDAD DE HUACATAZ DISTRITO LOS BAÑOS DEL INCA PROVINCIA CAJAMARCA DEPARTAMENTO CAJAMARCA,-78.429987,-7.078862,570,1,6,CAJAMARCA,1,CAJAMARCA,8,LOS BAÑOS DEL INCA,LOS BAÑOS DEL INCA,60108,601,60108,74,LOS BAÑOS DEL INCA,-7.090123121733361,-78.45597511219698,3.129147696407792,1845.0,,1845.0,11740.0,,11740.0,1845.0,11740.0
718,25603,4631,I-1,CUMBICO,CAJAMARCA,CAJAMARCA,OTROS COMUNIDAD DE CUMBICO S/N COMUNIDAD DE CUMBICO MAGDALENA CAJAMARCA CAJAMARCA,-78.632315,-7.213976,571,1,6,CAJAMARCA,1,CAJAMARCA,9,MAGDALENA,MAGDALENA,60109,601,60109,108,MAGDALENA,-7.224728505531067,-78.62238468653182,1.621579600959689,2372.0,2372.0,2372.0,14578.0,14578.0,14578.0,,
370,25290,4603,I-2,MATARA,CAJAMARCA,CAJAMARCA,AVENIDA AV.GONZALO PACIFICO CABRERA N° 286 DISTRITO MATARA PROVINCIA CAJAMARCA DEPARTAMENTO CAJAMARCA,-78.26372,-7.25651,572,1,6,CAJAMARCA,1,CAJAMARCA,10,MATARA,MATARA,60110,601,60110,21,MATARA,-7.272018782157795,-78.25947777718508,1.786854515455719,78.0,78.0,78.0,333.0,333.0,333.0,,
509,9884,4602,I-2,NAMORA,CAJAMARCA,CAJAMARCA,JIRÓN JR. VICTORIA CORTEZ S/N S/N JR. VICTORIA CORTEZ S/N NAMORA CAJAMARCA CAJAMARCA,-78.3233237,-7.20283723,573,1,6,CAJAMARCA,1,CAJAMARCA,11,NAMORA,NAMORA,60111,601,60111,40,NAMORA,-7.184364016375891,-78.28407074183642,4.792867123373152,1448.0,1448.0,1448.0,10691.0,10691.0,10691.0,,
721,24348,4633,I-3,SAN JUAN,CAJAMARCA,CAJAMARCA,JIRÓN JR.EL PROGRESO N°130 JR.EL PROGRESO N°130 SAN JUAN CAJAMARCA CAJAMARCA,-78.49506255,-7.29234457,574,1,6,CAJAMARCA,1,CAJAMARCA,12,SAN JUAN,SAN JUAN,60112,601,60112,43,SAN JUAN,-7.273909973011706,-78.48197922947648,2.506839405020425,36.0,36.0,36.0,183.0,183.0,183.0,,
374,27565,7651,I-1,CHANSHAPAMPA,CAJAMARCA,CAJABAMBA,OTROS CASERIO CHANSHAPAMPA DISTRITO CAJABAMBA PROVINCIA CAJABAMBA DEPARTAMENTO CAJAMARCA,-78.0304932,-7.63233824,575,1,6,CAJAMARCA,2,CAJABAMBA,1,CAJABAMBA,CAJABAMBA,60201,602,60201,47,CAJABAMBA,-7.631450909366323,-78.03214219886948,0.2067924225738008,441.0,441.0,441.0,2203.0,2203.0,2203.0,,
381,3296,4513,I-2,ALGAMARCA,CAJAMARCA,CAJABAMBA,OTROS CPM SAN JOSE DE ALGAMARCA DISTRITO CACHACHI PROVINCIA CAJABAMBA DEPARTAMENTO CAJAMARCA,-78.24673724,-7.60726053,576,1,6,CAJAMARCA,2,CAJABAMBA,2,CACHACHI,CACHACHI,60202,602,60202,183,CACHACHI,-7.567687463603137,-78.25332891600632,4.4599010900707645,8063.0,8063.0,8063.0,64116.0,64116.0,64116.0,,
389,26115,4516,I-2,OTUTO,CAJAMARCA,CAJABAMBA,OTROS CASERIO CONDEBAMBA S/N NÚMERO S/N DISTRITO CONDEBAMBA PROVINCIA CAJABAMBA DEPARTAMENTO CAJAMARCA,-78.06980719,-7.52745935,577,1,6,CAJAMARCA,2,CAJABAMBA,3,CONDEBAMBA,CAUDAY,60203,602,60203,61,CONDEBAMBA,-7.530122419973073,-78.09113520240439,2.3696963625027205,273.0,273.0,273.0,1742.0,1742.0,1742.0,,
395,15353,4519,I-2,SAN JUAN DE LLUCHUBAMBA,CAJAMARCA,CAJABAMBA,OTROS LOCALIDAD SAN JUAN DISTRITO SITACOCHA PROVINCIA CAJABAMBA DEPARTAMENTO CAJAMARCA,-77.8806691,-7.46378668,578,1,6,CAJAMARCA,2,CAJABAMBA,4,SITACOCHA,LLUCHUBAMBA,60204,602,60204,75,SITACOCHA,-7.474385184657658,-77.90631489984364,3.0632569299838353,6710.0,6710.0,6710.0,42222.0,42222.0,42222.0,,
273,26781,11250,I-1,SAN ANTONIO,CAJAMARCA,CELENDIN,OTROS CENTRO POBLADO DE SAN ANTONIO DISTRITO CELENDIN PROVINCIA CELENDIN DEPARTAMENTO CAJAMARCA,-78.13502445,-6.80404279,579,1,6,CAJAMARCA,3,CELENDIN,1,CELENDIN,CELENDIN,60301,603,60301,70,CELENDIN,-6.774938931037327,-78.11727136589845,3.783572353841187,0.0,0.0,0.0,0.0,0.0,0.0,,
326,21960,4479,I-1,CHUMUCH,CAJAMARCA,CELENDIN,OTROS COMUNIDAD CHUMUCH DISTRITO CHUMUCH PROVINCIA CELENDIN DEPARTAMENTO CAJAMARCA,-78.19837123,-6.60346578,580,1,6,CAJAMARCA,3,CELENDIN,2,CHUMUCH,CHUMUCH,60302,603,60302,23,CHUMUCH,-6.570579571483123,-78.18705795503254,3.8644175079765053,,,,,,,,
309,18468,6757,I-1,CANDEN,CAJAMARCA,CELENDIN,OTROS LOCALIDAD CANDEN DISTRITO CORTEGANA PROVINCIA CELENDIN DEPARTAMENTO CAJAMARCA,-78.30410337,-6.45880937,581,1,6,CAJAMARCA,3,CELENDIN,3,CORTEGANA,CHIMUCH (CORTEGANA),60303,603,60303,61,CORTEGANA,-6.487693638144822,-78.28551672740241,3.81217546367579,14933.0,,14933.0,108132.0,,108132.0,14933.0,108132.0
296,25093,4471,I-1,SANTA ROSA DE HUASMIN,CAJAMARCA,CELENDIN,OTROS CASERIO SANTA ROSA S/N S/N CASERIO SANTA ROSA S/N HUASMIN CELENDIN CAJAMARCA,-78.31676744,-6.84836433,582,1,6,CAJAMARCA,3,CELENDIN,4,HUASMIN,HUASMIN,60304,603,60304,83,HUASMIN,-6.828301323385775,-78.32562772354204,2.4359452867429736,3822.0,3822.0,3822.0,27575.0,27575.0,27575.0,,
342,5395,4487,I-1,JORGE CHAVEZ,CAJAMARCA,CELENDIN,JIRÓN JR. EL COMERCIO S/N NÚMERO S/N DISTRITO JORGE CHAVEZ PROVINCIA CELENDIN DEPARTAMENTO CAJAMARCA,-78.09407559,-6.94080369,583,1,6,CAJAMARCA,3,CELENDIN,5,JORGE CHAVEZ,LUCMAPAMPA,60305,603,60305,17,JORGE CHAVEZ,-6.93951656771669,-78.06949244345488,2.717264153115103,1969.0,1969.0,1969.0,13992.0,13992.0,13992.0,,
341,21961,4488,I-2,JOSE GALVEZ,CAJAMARCA,CELENDIN,JIRÓN JR. EL RECUERDO N° 105 DISTRITO JOSE GALVEZ PROVINCIA CELENDIN DEPARTAMENTO CAJAMARCA,-78.13082021,-6.9295306,584,1,6,CAJAMARCA,3,CELENDIN,6,JOSE GALVEZ,HUACAPAMPA,60306,603,60306,24,JOSE GALVEZ,-6.919895067629336,-78.15877251548687,3.266212509584597,109.0,109.0,109.0,496.0,496.0,496.0,,
320,2481,4478,I-3,MIGUEL IGLESIAS,CAJAMARCA,CELENDIN,JIRÓN JR. SAN ISIDRO S/N NÚMERO S/N DISTRITO MIGUEL IGLESIAS PROVINCIA CELENDIN DEPARTAMENTO CAJAMARCA,-78.23179707,-6.64978414,585,1,6,CAJAMARCA,3,CELENDIN,7,MIGUEL IGLESIAS,CHALAN,60307,603,60307,25,MIGUEL IGLESIAS,-6.651037215226543,-78.26533736172955,3.7070348203143224,6906.0,6906.0,6906.0,48827.0,48827.0,48827.0,,
339,1068,9049,I-1,LA QUINUA,CAJAMARCA,CELENDIN,OTROS COMUNIDAD LA QUINUA DISTRITO OXAMARCA PROVINCIA CELENDIN DEPARTAMENTO CAJAMARCA,-78.05464005,-7.07242673,586,1,6,CAJAMARCA,3,CELENDIN,8,OXAMARCA,OXAMARCA,60308,603,60308,62,OXAMARCA,-7.059288980121174,-78.06133279004958,1.6369292838778393,3163.0,3163.0,3163.0,20951.0,20951.0,20951.0,,
290,17649,4594,I-1,LA CHORRERA,CAJAMARCA,CELENDIN,OTROS LOCALIDAD LA CHORRERA LOCALIDAD LA CHORRERA SOROCHUCO CELENDIN CAJAMARCA,-78.31506737,-6.95005723,587,1,6,CAJAMARCA,3,CELENDIN,9,SOROCHUCO,SOROCHUCO,60309,603,60309,80,SOROCHUCO,-6.934214997604489,-78.29718227998802,2.6458312302435574,776.0,776.0,776.0,3227.0,3227.0,3227.0,,
332,25289,4485,I-1,CALCONGA,CAJAMARCA,CELENDIN,OTROS LOCALIDAD CALCONGA DISTRITO SUCRE PROVINCIA CELENDIN DEPARTAMENTO CAJAMARCA,-78.15580885,-7.00941955,588,1,6,CAJAMARCA,3,CELENDIN,10,SUCRE,SUCRE,60310,603,60310,38,SUCRE,-7.018749889169237,-78.1713049795272,2.000286760322808,3759.0,3759.0,3759.0,29221.0,29221.0,29221.0,,
287,22302,4468,I-1,UTCO LIMON,CAJAMARCA,CELENDIN,OTROS CASERIO UTCO S/N NÚMERO S/N DISTRITO UTCO PROVINCIA CELENDIN DEPARTAMENTO CAJAMARCA,-78.09005808,-6.87100658,589,1,6,CAJAMARCA,3,CELENDIN,11,UTCO,UTCO,60311,603,60311,31,UTCO,-6.881324985969411,-78.05760981421811,3.7613933685080423,1457.0,1457.0,1457.0,12871.0,12871.0,12871.0,,
329,8144,4481,I-2,LA LIBERTAD DE PALLAN,CAJAMARCA,CELENDIN,JIRÓN JR. MIGUEL IGLESIAS CUADRA 5 JR. MIGUEL IGLESIAS CUADRA 5 LA LIBERTAD DE PALLAN CELENDIN CAJAMARCA,-78.28244339,-6.72624062,590,1,6,CAJAMARCA,3,CELENDIN,12,LA LIBERTAD DE PALLAN,LA LIBERTAD DE PALLAN,60312,603,60312,35,LA LIBERTAD DE PALLAN,-6.708803299227402,-78.28608939873769,1.980305282645073,1002.0,1002.0,1002.0,6149.0,6149.0,6149.0,,
768,14958,26145,I-3,POLICLINICO DE ESPECIALIDADES MEDICAS SAN FERNANDO,CAJAMARCA,NO PERTENECE A NINGUNA RED,PASAJE JUAN XXIII 244   246 FRENTE A CAPILLA SANTA ROSA CHOTA CHOTA CAJAMARCA,-78.64573428,-6.56052723,591,1,6,CAJAMARCA,4,CHOTA,1,CHOTA,CHOTA,60401,604,60401,107,CHOTA,-6.559978310714595,-78.64275186422964,0.3350643911295257,341.0,341.0,341.0,1767.0,1767.0,1767.0,,
903,20300,4750,I-2,ANGUIA,CAJAMARCA,CHOTA,OTROS DISTRITO DE ANGUIA DISTRITO DE ANGUIA ANGUIA CHOTA CAJAMARCA,-78.60617513,-6.34102702,592,1,6,CAJAMARCA,4,CHOTA,2,ANGUIA,ANGUIA,60402,604,60402,17,ANGUIA,-6.337966578285939,-78.57580091635643,3.374011132378278,62.0,62.0,62.0,237.0,237.0,237.0,,
882,9885,4737,I-1,LA UNION,CAJAMARCA,CHOTA,OTROS COMUNIDAD LA UNIÓN DISTRITO CHADIN PROVINCIA CHOTA DEPARTAMENTO CAJAMARCA,-78.40786,-6.45139,593,1,6,CAJAMARCA,4,CHOTA,3,CHADIN,CHADIN,60403,604,60403,23,CHADIN,-6.439864212778357,-78.41279275671727,1.3926880123115521,930.0,930.0,930.0,5402.0,5402.0,5402.0,,
911,21965,4758,I-2,TUGUZA,CAJAMARCA,CHOTA,OTROS COMUNIDAD TUGUSA COMUNIDAD TUGUSA CHIGUIRIP CHOTA CAJAMARCA,-78.70047135,-6.43306323,594,1,6,CAJAMARCA,4,CHOTA,4,CHIGUIRIP,CHIGUIRIP,60404,604,60404,18,CHIGUIRIP,-6.42507988722172,-78.70803618399547,1.219311906813725,692.0,692.0,692.0,3918.0,3918.0,3918.0,,
806,15624,4702,I-1,SAN JOSE DE CHIMBAN,CAJAMARCA,CHOTA,OTROS COMUNIDAD SAN JOSE DE CHIMBAN COMUNIDAD SAN JOSE DE CHIMBAN CHIMBAN CHOTA CAJAMARCA,-78.48150874,-6.29336733,595,1,6,CAJAMARCA,4,CHOTA,5,CHIMBAN,CHIMBAN,60405,604,60405,28,CHIMBAN,-6.28458920942883,-78.44814198981383,3.814870324798372,3022.0,3022.0,3022.0,16279.0,16279.0,16279.0,,
884,9368,4740,I-1,MANGALPA,CAJAMARCA,CHOTA,OTROS COMUNIDAD MANGALPA DISTRITO CHOROPAMPA PROVINCIA CHOTA DEPARTAMENTO CAJAMARCA,-78.35963,-6.37859,596,1,6,CAJAMARCA,4,CHOTA,6,CHOROPAMPA,CHOROPAMPA,60406,604,60406,22,CHOROPAMPA,-6.370062989700249,-78.36904304935265,1.4074977600260383,0.0,0.0,0.0,0.0,0.0,0.0,,
799,22918,4698,I-1,SEGUES,CAJAMARCA,CHOTA,OTROS COMUNIDAD SEGUES COMUNIDAD SEGUES COCHABAMBA CHOTA CAJAMARCA,-78.82662,-6.47196,597,1,6,CAJAMARCA,4,CHOTA,7,COCHABAMBA,COCHABAMBA,60407,604,60407,35,COCHABAMBA,-6.483027838660707,-78.85225970740323,3.088588222021593,1309.0,1309.0,1309.0,10609.0,10609.0,10609.0,,
915,14323,4760,I-2,CHETILLA,CAJAMARCA,CHOTA,OTROS COMUNIDAD CHETILLA DISTRITO CONCHAN PROVINCIA CHOTA DEPARTAMENTO CAJAMARCA,-78.59686376,-6.47654758,598,1,6,CAJAMARCA,4,CHOTA,8,CONCHAN,CONCHAN,60408,604,60408,40,CONCHAN,-6.470609104117881,-78.60245166146207,0.9039896437765239,2501.0,2501.0,2501.0,17874.0,17874.0,17874.0,,
809,7779,4704,I-3,HUAMBOS,CAJAMARCA,CHOTA,OTROS DISTRITO HUAMBOS DISTRITO HUAMBOS HUAMBOS CHOTA CAJAMARCA,-78.96331205,-6.45221694,599,1,6,CAJAMARCA,4,CHOTA,9,HUAMBOS,HUAMBOS,60409,604,60409,57,HUAMBOS,-6.443692593489247,-78.97040145793493,1.2296486869378376,585.0,585.0,585.0,3413.0,3413.0,3413.0,,
780,10767,4685,I-1,LA SINRRA,CAJAMARCA,CHOTA,OTROS COMUNIDAD LA SINRRA DISTRITO LAJAS PROVINCIA CHOTA DEPARTAMENTO CAJAMARCA,-78.73645,-6.57357,600,1,6,CAJAMARCA,4,CHOTA,10,LAJAS,LAJAS,60410,604,60410,41,LAJAS,-6.574491015719826,-78.72756806509733,0.9864627242374191,636.0,636.0,636.0,2746.0,2746.0,2746.0,,
923,13902,4766,I-1,MAICHIL,CAJAMARCA,CHOTA,OTROS COMUNIDAD MAICHIL DISTRITO LLAMA PROVINCIA CHOTA DEPARTAMENTO CAJAMARCA,-79.18481411,-6.51372806,601,1,6,CAJAMARCA,4,CHOTA,11,LLAMA,LLAMA,60411,604,60411,86,LLAMA,-6.539008709903909,-79.17288948460461,3.10445190419818,2116.0,2116.0,2116.0,24136.0,24136.0,24136.0,,
929,9203,4771,I-2,MIRACOSTA,CAJAMARCA,CHOTA,OTROS DISTRITO MIRACOSTA DISTRITO MIRACOSTA PROVINCIA CHOTA DEPARTAMENTO CAJAMARCA,-79.28471454,-6.40375901,602,1,6,CAJAMARCA,4,CHOTA,12,MIRACOSTA,MIRACOSTA,60412,604,60412,43,MIRACOSTA,-6.357816689554456,-79.30263128468026,5.478809468649287,1128.0,1128.0,1128.0,7753.0,7753.0,7753.0,,
313,25099,4732,I-1,UÑIGAN,CAJAMARCA,CHOTA,OTROS COMUNIDAD UÑIGAN DISTRITO PACCHA PROVINCIA CHOTA DEPARTAMENTO CAJAMARCA,-78.38988366,-6.5522287,603,1,6,CAJAMARCA,4,CHOTA,13,PACCHA,PACCHA,60413,604,60413,21,PACCHA,-6.533926043191311,-78.39807832082403,2.227419947483095,2716.0,2716.0,2716.0,17099.0,17099.0,17099.0,,
792,9251,4692,I-2,PION,CAJAMARCA,CHOTA,OTROS COMUNIDAD PION COMUNIDAD PION PION CHOTA CAJAMARCA,-78.481833,-6.178873,604,1,6,CAJAMARCA,4,CHOTA,14,PION,PION,60414,604,60414,14,PION,-6.18419525009336,-78.47818241083328,0.7163113504535813,346.0,346.0,346.0,2229.0,2229.0,2229.0,,
827,26864,11327,I-1,PARAGUAY,CAJAMARCA,CHOTA,OTROS CENTRO POBLADO PARAGUAY CENTRO POBLADO PARAGUAY QUEROCOTO CHOTA CAJAMARCA,-79.07915777,-6.36131899,605,1,6,CAJAMARCA,4,CHOTA,15,QUEROCOTO,QUEROCOTO,60415,604,60415,53,QUEROCOTO,-6.352218191989084,-79.09294326718505,1.8289277506862283,2541.0,2541.0,2541.0,16108.0,16108.0,16108.0,,
943,6846,6819,I-1,LAS PAMPAS,CAJAMARCA,CHOTA,OTROS COMUNIDAD LAS PAMPAS DISTRITO SAN JUAN DE LICUPIS PROVINCIA CHOTA DEPARTAMENTO CAJAMARCA,-79.25237124,-6.51230518,606,1,6,CAJAMARCA,4,CHOTA,16,SAN JUAN DE LICUPIS,LICUPIS,60416,604,60416,31,SAN JUAN DE LICUPIS,-6.484356711582533,-79.24551380101464,3.198742019673068,1170.0,1170.0,1170.0,7090.0,7090.0,7090.0,,
895,9252,4749,I-1,NUNGO,CAJAMARCA,CHOTA,OTROS COMUNIDAD NUNGO COMUNIDAD NUNGO TACABAMBA CHOTA CAJAMARCA,-78.54632,-6.39887,607,1,6,CAJAMARCA,4,CHOTA,17,TACABAMBA,TACABAMBA,60417,604,60417,71,TACABAMBA,-6.398356573617845,-78.5557038806839,1.038510349227704,2664.0,2664.0,2664.0,15929.0,15929.0,15929.0,,
944,21966,4781,I-3,TOCMOCHE,CAJAMARCA,CHOTA,OTROS DISTRITO TOCMOCHE DISTRITO TOCMOCHE TOCMOCHE CHOTA CAJAMARCA,-79.36030984,-6.41197944,608,1,6,CAJAMARCA,4,CHOTA,18,TOCMOCHE,TOCMOCHE,60418,604,60418,35,TOCMOCHE,-6.456833769681386,-79.37598617970025,5.279794714955419,130.0,130.0,130.0,316.0,316.0,316.0,,
838,27251,4728,I-2,MASINTRANCA,CAJAMARCA,CHOTA,OTROS COMUNIDAD MASINTRANCA DISTRITO CHALAMARCA PROVINCIA CHOTA DEPARTAMENTO CAJAMARCA,-78.50506968,-6.52640318,609,1,6,CAJAMARCA,4,CHOTA,19,CHALAMARCA,CHALAMARCA,60419,604,60419,47,CHALAMARCA,-6.517607398542453,-78.49523805940689,1.4616084139944667,550.0,550.0,550.0,3912.0,3912.0,3912.0,,
435,1451,10276,I-2,POSTA MEDICA ESSALUD CONTUMAZA,CAJAMARCA,NO PERTENECE A NINGUNA RED,JIRÓN JR. JOSE PARDO Nº 616 DISTRITO CONTUMAZA PROVINCIA CONTUMAZA DEPARTAMENTO CAJAMARCA,-78.80451335,-7.365567,610,1,6,CAJAMARCA,5,CONTUMAZA,1,CONTUMAZA,CONTUMAZA,60501,605,60501,119,CONTUMAZA,-7.334746134440747,-78.7367953933113,8.216840774294122,110.0,,110.0,390.0,,390.0,110.0,390.0
408,21588,4538,I-4,DE APOYO CHILETE,CAJAMARCA,CONTUMAZA,JIRÓN JR. VICTOR RAUL HAYA DE LA TORRE 323 DISTRITO CHILETE PROVINCIA CONTUMAZA DEPARTAMENTO CAJAMARCA,-78.840105,-7.22042167,611,1,6,CAJAMARCA,5,CONTUMAZA,2,CHILETE,CHILETE,60502,605,60502,39,CHILETE,-7.256344097369151,-78.82166177374316,4.482649704300049,15.0,15.0,15.0,54.0,54.0,54.0,,
478,9248,4590,I-1,TRINIDAD,CAJAMARCA,CONTUMAZA,JIRÓN JR. CAJAMARCA Nº 131 DISTRITO CUPISNIQUE PROVINCIA CONTUMAZA DEPARTAMENTO CAJAMARCA,-79.0265153,-7.34802389,612,1,6,CAJAMARCA,5,CONTUMAZA,3,CUPISNIQUE,TRINIDAD,60503,605,60503,52,CUPISNIQUE,-7.373463162233786,-79.06656543590603,5.2448679035044545,507.0,507.0,507.0,4086.0,4086.0,4086.0,,
441,5348,4554,I-2,TOTORILLAS,CAJAMARCA,CONTUMAZA,OTROS CASERIO DE TOTORILLAS DISTRITO GUZMANGO PROVINCIA CONTUMAZA DEPARTAMENTO CAJAMARCA,-78.93001098,-7.3534676,613,1,6,CAJAMARCA,5,CONTUMAZA,4,GUZMANGO,GUZMANGO,60504,605,60504,50,GUZMANGO,-7.364304037451185,-78.9176888857091,1.8161623272575187,2524.0,2524.0,2524.0,16868.0,16868.0,16868.0,,
438,18118,4555,I-2,SAN BENITO,CAJAMARCA,CONTUMAZA,AVENIDA AV. ANDREZ ABELINO CACERES N° 151 DISTRITO SAN BENITO PROVINCIA CONTUMAZA DEPARTAMENTO CAJAMARCA,-78.92762956,-7.42775777,614,1,6,CAJAMARCA,5,CONTUMAZA,5,SAN BENITO,SAN BENITO,60505,605,60505,69,SAN BENITO,-7.502785547355022,-78.96231940728968,9.177615721042958,1460.0,1460.0,1460.0,13290.0,13290.0,13290.0,,
436,3297,4549,I-2,SANTA CRUZ DE TOLEDO,CAJAMARCA,CONTUMAZA,JIRÓN JR.RICARDO PALMA S/N NÚMERO S/N DISTRITO SANTA CRUZ DE TOLED PROVINCIA CONTUMAZA DEPARTAMENTO CAJAMARCA,-78.83687594,-7.3452637,615,1,6,CAJAMARCA,5,CONTUMAZA,6,SANTA CRUZ DE TOLED,SANTA CRUZ DE TOLED,60506,605,60506,82,SANTA CRUZ DE TOLED,-7.327661926670727,-78.86339781991325,3.5193897723092626,3357.0,3357.0,3357.0,27523.0,27523.0,27523.0,,
429,7594,4544,I-2,CATÁN - TANTARICA,CAJAMARCA,CONTUMAZA,JIRÓN JR. RESTAURACION S/N NÚMERO S/N DISTRITO TANTARICA PROVINCIA CONTUMAZA DEPARTAMENTO CAJAMARCA,-78.93257437,-7.2999141,616,1,6,CAJAMARCA,5,CONTUMAZA,7,TANTARICA,CATAN,60507,605,60507,36,TANTARICA,-7.275309367839426,-78.94985074914202,3.3341115475081264,0.0,0.0,0.0,0.0,0.0,0.0,,
477,27812,10274,I-2,POSTA MEDICA TEMBLADERA,CAJAMARCA,NO PERTENECE A NINGUNA RED,JIRÓN JR. CAJAMARCA Nº 211 DISTRITO YONAN PROVINCIA CONTUMAZA DEPARTAMENTO CAJAMARCA,-79.1325135,-7.2536261,617,1,6,CAJAMARCA,5,CONTUMAZA,8,YONAN,TEMBLADERA,60508,605,60508,32,YONAN,-7.277622253053686,-79.16912177287334,4.839912399090643,87.0,87.0,87.0,342.0,342.0,342.0,,
1094,7630,6850,I-1,CONDAY,CAJAMARCA,CUTERVO,OTROS LOCALIDAD CONDAY LOCALIDAD CONDAY CUTERVO CUTERVO CAJAMARCA,-78.83738,-6.38125,618,1,6,CAJAMARCA,6,CUTERVO,1,CUTERVO,CUTERVO,60601,606,60601,141,CUTERVO,-6.380199143880152,-78.83300549536361,0.4973315254755231,643.0,643.0,643.0,3528.0,3528.0,3528.0,,
1012,8178,6830,I-1,FILADELFIA,CAJAMARCA,CUTERVO,OTROS COMUNIDAD DE FILADELFIA COMUNIDAD DE FILADELFIA CALLAYUC CUTERVO CAJAMARCA,-78.91688993,-6.13276821,619,1,6,CAJAMARCA,6,CUTERVO,2,CALLAYUC,CALLAYUC,60602,606,60602,69,CALLAYUC,-6.12740892029638,-78.93095194829469,1.6649837269001821,1127.0,1127.0,1127.0,9295.0,9295.0,9295.0,,
1042,10930,4972,I-1,MESARRUME,CAJAMARCA,SOCOTA,OTROS COMUNIDAD MESARRUME COMUNIDAD MESARRUME CHOROS CUTERVO CAJAMARCA,-78.76281,-5.94732,620,1,6,CAJAMARCA,6,CUTERVO,3,CHOROS,CHOROS,60603,606,60603,34,CHOROS,-5.924614771976213,-78.77343762794727,2.7849076814243454,527.0,527.0,527.0,3678.0,3678.0,3678.0,,
1048,2278,6959,I-1,CUNUAT,CAJAMARCA,SOCOTA,OTROS COMUNIDAD DE CUNUAT COMUNIDAD DE CUNUAT CUJILLO CUTERVO CAJAMARCA,-78.54462,-6.11962,621,1,6,CAJAMARCA,6,CUTERVO,4,CUJILLO,CUJILLO,60604,606,60604,22,CUJILLO,-6.116751622775737,-78.55885649264842,1.6059990983416959,43755.0,43755.0,43755.0,389261.0,389261.0,389261.0,,
1163,13976,7179,I-1,CHACRERIAS,CAJAMARCA,SOCOTA,OTROS COMUNIDAD DE CHACRERIAS COMUNIDAD DE CHACRERIAS LA RAMADA CUTERVO CAJAMARCA,-78.57731333,-6.22945167,622,1,6,CAJAMARCA,6,CUTERVO,5,LA RAMADA,LA RAMADA,60605,606,60605,17,LA RAMADA,-6.230898091099231,-78.56969883536429,0.8569213260399643,161.0,161.0,161.0,1198.0,1198.0,1198.0,,
1142,6464,5012,I-3,PIMPINCOS,CAJAMARCA,SOCOTA,JIRÓN JR. COMERCIO S/N NÚMERO S/N DISTRITO PIMPINGOS PROVINCIA CUTERVO DEPARTAMENTO CAJAMARCA,-78.75668917,-6.06070669,623,1,6,CAJAMARCA,6,CUTERVO,6,PIMPINGOS,PIMPINGOS,60606,606,60606,36,PIMPINGOS,-6.07089520466843,-78.76829226789994,1.7115871197553096,78.0,78.0,78.0,309.0,309.0,309.0,,
1023,7190,5007,I-2,SANTA ROSA DE QUEROCOTILLO,CAJAMARCA,CUTERVO,OTROS LOCALIDAD SANTA ROSA LOCALIDAD SANTA ROSA QUEROCOTILLO CUTERVO CAJAMARCA,-79.08397231,-6.2160125,624,1,6,CAJAMARCA,6,CUTERVO,7,QUEROCOTILLO,QUEROCOTILLO,60607,606,60607,82,QUEROCOTILLO,-6.196787754579376,-79.09163350392943,2.299339869056078,4628.0,,4628.0,33020.0,,33020.0,4628.0,33020.0
1154,9776,5034,I-3,SAN ANDRES,CAJAMARCA,SOCOTA,CARRETERA CARRETERA SAN ANDRES-SOCOTA CARRETERA SAN ANDRES-SOCOTA SAN ANDRES DE CUTERVO CUTERVO CAJAMARCA,-78.70804708,-6.24053655,625,1,6,CAJAMARCA,6,CUTERVO,8,SAN ANDRES DE CUTERVO,SAN ANDRES DE CUTERVO,60608,606,60608,14,SAN ANDRES DE CUTERVO,-6.224067513358646,-78.7422789712748,4.203758411088221,71.0,71.0,71.0,514.0,514.0,514.0,,
1170,26339,7103,I-1,SANTA ROSA DE SAN JUAN,CAJAMARCA,SOCOTA,OTROS COMUNIDAD DE SANTA ROSA COMUNIDAD DE SANTA ROSA SAN JUAN DE CUTERVO CUTERVO CAJAMARCA,-78.60362,-6.17102,626,1,6,CAJAMARCA,6,CUTERVO,9,SAN JUAN DE CUTERVO,SAN JUAN DE CUTERVO,60609,606,60609,23,SAN JUAN DE CUTERVO,-6.174218113399612,-78.60009249414134,0.5277644856009515,,,,,,,,
1189,16451,6870,I-1,SANTA ROSA DEL TINGO,CAJAMARCA,SOCOTA,OTROS COMUNIDAD DE SANTA ROSA DEL TINGO DISTRITO SAN LUIS DE LUCMA PROVINCIA CUTERVO DEPARTAMENTO CAJAMARCA,-78.59764,-6.26656,627,1,6,CAJAMARCA,6,CUTERVO,10,SAN LUIS DE LUCMA,SAN LUIS DE LUCMA,60610,606,60610,19,SAN LUIS DE LUCMA,-6.279101100284,-78.57875268121131,2.510522416177974,978.0,978.0,978.0,6829.0,6829.0,6829.0,,
1060,12290,4977,I-3,SANTA CRUZ DE CUTERVO,CAJAMARCA,CUTERVO,OTROS DISTRITO SANTA CRUZ DE CUTERVO DISTRITO SANTA CRUZ DE CUTERVO SANTA CRUZ CUTERVO CAJAMARCA,-78.85337426,-6.09494906,628,1,6,CAJAMARCA,6,CUTERVO,11,SANTA CRUZ,SANTA CRUZ,60611,606,60611,47,SANTA CRUZ,-6.1063391889743,-78.84144753098579,1.828388507116021,489.0,489.0,489.0,3041.0,3041.0,3041.0,,
1133,15497,5005,I-1,SANTA ROSA DE LA CAPILLA,CAJAMARCA,CUTERVO,OTROS COMUNIDAD DE SANTA ROSA DE LA CAPILLA COMUNIDAD DE SANTA ROSA DE LA CAPILLA SANTO DOMINGO DE LA CAPILLA CUTERVO CAJAMARCA,-78.8399451,-6.27235831,629,1,6,CAJAMARCA,6,CUTERVO,12,SANTO DOMINGO DE LA CAPILLA,SANTO DOMINGO DE LA CAPILLA,60612,606,60612,28,SANTO DOMINGO DE LA CAPILLA,-6.257949078684879,-78.84272293558155,1.6313869209470129,610.0,610.0,610.0,6539.0,6539.0,6539.0,,
1057,16458,7750,I-1,TAYALES,CAJAMARCA,SOCOTA,OTROS COMUNIDAD DE TAYALES COMUNIDAD DE TAYALES SANTO TOMAS CUTERVO CAJAMARCA,-78.65473339,-6.11793846,630,1,6,CAJAMARCA,6,CUTERVO,13,SANTO TOMAS,SANTO TOMAS,60613,606,60613,40,SANTO TOMAS,-6.118075749420057,-78.67710453728564,2.473437284116345,631.0,631.0,631.0,3113.0,3113.0,3113.0,,
1179,8592,6937,I-1,MINAS DE SOCOTA,CAJAMARCA,SOCOTA,OTROS COMUNIDAD DE MINAS COMUNIDAD DE MINAS SOCOTA CUTERVO CAJAMARCA,-78.69043,-6.29289,631,1,6,CAJAMARCA,6,CUTERVO,14,SOCOTA,SOCOTA,60614,606,60614,37,SOCOTA,-6.287362417254426,-78.69671913212724,0.9278785574637485,1037.0,1037.0,1037.0,8472.0,8472.0,8472.0,,
1152,15498,5019,I-3,LA SACILIA,CAJAMARCA,SOCOTA,OTROS DISTRITO LA SACILIA DISTRITO LA SACILIA TORIBIO CASANOVA CUTERVO CAJAMARCA,-78.697265,-6.001959,632,1,6,CAJAMARCA,6,CUTERVO,15,TORIBIO CASANOVA,LA SACILIA,60615,606,60615,26,TORIBIO CASANOVA,-5.987986823734805,-78.69242406634012,1.6432816599375897,0.0,0.0,0.0,0.0,0.0,0.0,,
863,17685,6815,I-3,VIRGEN DEL CARMEN,CAJAMARCA,BAMBAMARCA,JIRÓN JR. AHAUALPA N° 221-BAMBAMARCA JR. AHAUALPA N° 221-BAMBAMARCA BAMBAMARCA HUALGAYOC CAJAMARCA,-78.5172716,-6.67878577,633,1,6,CAJAMARCA,7,HUALGAYOC,1,BAMBAMARCA,BAMBAMARCA,60701,607,60701,179,BAMBAMARCA,-6.69306296278482,-78.47949984132427,4.463343648153342,1595.0,1595.0,1595.0,8509.0,8509.0,8509.0,,
965,13174,4804,I-1,PERLAMAYO,CAJAMARCA,BAMBAMARCA,OTROS COMUNIDAD PERLAMAYO DISTRITO CHUGUR PROVINCIA HUALGAYOC DEPARTAMENTO CAJAMARCA,-78.70348,-6.65466,634,1,6,CAJAMARCA,7,HUALGAYOC,2,CHUGUR,CHUGUR,60702,607,60702,17,CHUGUR,-6.685518797196959,-78.70768210400887,3.4625835780976484,3341.0,3341.0,3341.0,26026.0,26026.0,26026.0,,
957,19723,10270,I-2,POSTA MEDICA DE HUALGAYOC,CAJAMARCA,NO PERTENECE A NINGUNA RED,JIRÓN JR. EMILIO MONTOYA N° 120 DISTRITO HUALGAYOC PROVINCIA HUALGAYOC DEPARTAMENTO CAJAMARCA,-78.60712809,-6.7640298,635,1,6,CAJAMARCA,7,HUALGAYOC,3,HUALGAYOC,HUALGAYOC,60703,607,60703,48,HUALGAYOC,-6.75273178649143,-78.6002550951478,1.4677265181836467,9.0,9.0,9.0,39.0,39.0,39.0,,
4,26418,4214,I-1,LAS NARANJAS,CAJAMARCA,JAEN,OTROS COMUNIDAD DE LAS NARANJAS COMUNIDAD DE LAS NARANJAS JAEN JAEN CAJAMARCA,-78.846347,-5.745295,636,1,6,CAJAMARCA,8,JAEN,1,JAEN,JAEN,60801,608,60801,108,JAEN,-5.770178526822774,-78.85255115664602,2.8507873587672914,1523.0,1523.0,1523.0,7126.0,7126.0,7126.0,,
120,24900,4230,I-1,SAN AUGUSTIN,CAJAMARCA,JAEN,CALLE CALLE IVA S/N S/N CALLE IVA S/N BELLAVISTA JAEN CAJAMARCA,-78.79384,-5.58596,637,1,6,CAJAMARCA,8,JAEN,2,BELLAVISTA,BELLAVISTA,60802,608,60802,77,BELLAVISTA,-5.564668861888495,-78.74262548286006,6.14243176648112,2374.0,2374.0,2374.0,22582.0,22582.0,22582.0,,
123,17284,4233,I-2,PACHAPIRIANA,CAJAMARCA,JAEN,OTROS COMUNIDAD DE PACHAPIRIANA COMUNIDAD DE PACHAPIRIANA CHONTALI JAEN CAJAMARCA,-79.12639667,-5.64022668,638,1,6,CAJAMARCA,8,JAEN,3,CHONTALI,CHONTALI,60803,608,60803,56,CHONTALI,-5.633938366176614,-79.1333554620538,1.0401359632732141,52.0,52.0,52.0,404.0,404.0,404.0,,
131,1918,7017,I-2,AHUYACA,CAJAMARCA,JAEN,OTROS C.P AHUYACA C.P AHUYACA COLASAY JAEN CAJAMARCA,-79.00256579,-5.93504498,639,1,6,CAJAMARCA,8,JAEN,4,COLASAY,COLASAY,60804,608,60804,122,COLASAY,-5.901052025899031,-78.97945638518134,4.562906677724247,1901.0,1901.0,1901.0,12080.0,12080.0,12080.0,,
135,11525,4241,I-3,HUABAL,CAJAMARCA,JAEN,OTROS COMUNIDAD DE HUABAL COMUNIDAD DE HUABAL HUABAL JAEN CAJAMARCA,-78.89963505,-5.61213259,640,1,6,CAJAMARCA,8,JAEN,5,HUABAL,HUABAL,60805,608,60805,30,HUABAL,-5.604925456320518,-78.90585415967001,1.0563557811773747,2.0,2.0,2.0,12.0,12.0,12.0,,
154,13022,4245,I-3,LAS PIRIAS DE JAEN,CAJAMARCA,JAEN,PLAZA PLAZA DE ARMAS PIRIAS S/N S/N PLAZA DE ARMAS PIRIAS S/N LAS PIRIAS JAEN CAJAMARCA,-78.8524157,-5.62707293,641,1,6,CAJAMARCA,8,JAEN,6,LAS PIRIAS,LAS PIRIAS,60806,608,60806,38,LAS PIRIAS,-5.636341962042768,-78.84958991537201,1.0770600023038923,29.0,29.0,29.0,179.0,179.0,179.0,,
158,11210,7166,I-1,MANGAYPA,CAJAMARCA,JAEN,OTROS C.P. MANGAYPA C.P. MANGAYPA POMAHUACA JAEN CAJAMARCA,-79.17677956,-5.87976212,642,1,6,CAJAMARCA,8,JAEN,7,POMAHUACA,POMAHUACA,60807,608,60807,81,POMAHUACA,-5.8753999738952,-79.19500591545217,2.073553597443088,4628.0,,4628.0,33020.0,,33020.0,4628.0,33020.0
164,19490,16704,SD,POSTA MÉDICA DE PUCARÁ,CAJAMARCA,NO PERTENECE A NINGUNA RED,CALLE CALLE SAN MARTÍN S/N PUCARÁ S/N CALLE SAN MARTÍN S/N PUCARÁ PUCARA JAEN CAJAMARCA,-79.1297751,-6.0418671,643,1,6,CAJAMARCA,8,JAEN,8,PUCARA,PUCARA,60808,608,60808,30,PUCARA,-6.039986978158075,-79.12365551040568,0.7082468750720875,309.0,309.0,309.0,1886.0,1886.0,1886.0,,
165,13169,4250,I-3,SALLIQUE,CAJAMARCA,JAEN,CALLE CALLE ALFONSO UGARTE S/N S/N CALLE ALFONSO UGARTE S/N SALLIQUE JAEN CAJAMARCA,-79.31577965,-5.65620348,644,1,6,CAJAMARCA,8,JAEN,9,SALLIQUE,SALLIQUE,60809,608,60809,110,SALLIQUE,-5.625686059091744,-79.31242741575443,3.4135970604520054,,,,,,,,
172,21403,4254,I-3,SAN FELIPE,CAJAMARCA,JAEN,OTROS COMUNIDAD SAN FELIPE COMUNIDAD SAN FELIPE SAN FELIPE JAEN CAJAMARCA,-79.31283463,-5.77025781,645,1,6,CAJAMARCA,8,JAEN,10,SAN FELIPE,SAN FELIPE,60810,608,60810,84,SAN FELIPE,-5.786477227250232,-79.31021142229889,1.8267162673021455,0.0,0.0,0.0,0.0,0.0,0.0,,
150,7480,13058,I-1,SAN PEDRO,CAJAMARCA,JAEN,OTROS CASERIO SAN PEDRO CASERIO SAN PEDRO SAN JOSE DEL ALTO JAEN CAJAMARCA,-79.03845599,-5.54900682,646,1,6,CAJAMARCA,8,JAEN,11,SAN JOSE DEL ALTO,SAN JOSE DEL ALTO,60811,608,60811,47,SAN JOSE DEL ALTO,-5.517367642855747,-79.05506108087833,3.969211897119071,,,,,,,,
176,14785,4262,I-3,PUENTECILLOS,CAJAMARCA,JAEN,CARRETERA CARRETERA SANTA ROSA CARRETERA SANTA ROSA SANTA ROSA JAEN CAJAMARCA,-78.58698,-5.41009,647,1,6,CAJAMARCA,8,JAEN,12,SANTA ROSA,SANTA ROSA,60812,608,60812,78,SANTA ROSA,-5.427733348514218,-78.60084336623758,2.4907827933325826,0.0,0.0,0.0,0.0,0.0,0.0,,
181,10759,4267,I-4,SAN IGNACIO,CAJAMARCA,SAN IGNACIO,AVENIDA AV. ABELARDO QUIÑONES S/N NÚMERO S/N DISTRITO SAN IGNACIO PROVINCIA SAN IGNACIO DEPARTAMENTO CAJAMARCA,-79.003002,-5.14467,648,1,6,CAJAMARCA,9,SAN IGNACIO,1,SAN IGNACIO,SAN IGNACIO,60901,609,60901,99,SAN IGNACIO,-5.140405077923568,-79.00789460996974,0.7200665501568947,327.0,327.0,327.0,1795.0,1795.0,1795.0,,
210,10916,4274,I-3,CHIRINOS,CAJAMARCA,SAN IGNACIO,OTROS ALTO PERU S/N NÚMERO S/N DISTRITO CHIRINOS PROVINCIA SAN IGNACIO DEPARTAMENTO CAJAMARCA,-78.90172426,-5.30277342,649,1,6,CAJAMARCA,9,SAN IGNACIO,2,CHIRINOS,CHIRINOS,60902,609,60902,84,CHIRINOS,-5.307553228839856,-78.88245718685589,2.1984368841254325,76.0,76.0,76.0,422.0,422.0,422.0,,
223,12206,4284,I-3,EL PORVENIR DE HUARANGO,CAJAMARCA,SAN IGNACIO,OTROS DISTRITO EL HUARANGO DISTRITO EL HUARANGO HUARANGO SAN IGNACIO CAJAMARCA,-78.75058,-5.16398,650,1,6,CAJAMARCA,9,SAN IGNACIO,3,HUARANGO,HUARANGO,60903,609,60903,96,HUARANGO,-5.09652405211401,-78.71529057820497,8.45789974449264,1827.0,1827.0,1827.0,12950.0,12950.0,12950.0,,
232,21404,4290,I-3,RUMIPITE,CAJAMARCA,SAN IGNACIO,OTROS COMUNIDAD DE RUMIPITE COMUNIDAD DE RUMIPITE LA COIPA SAN IGNACIO CAJAMARCA,-78.97517,-5.38766,651,1,6,CAJAMARCA,9,SAN IGNACIO,4,LA COIPA,LA COIPA,60904,609,60904,98,LA COIPA,-5.38963741943043,-78.97348368601949,0.28843808425725886,5.0,5.0,5.0,43.0,43.0,43.0,,
205,13502,7016,I-2,PAMPA VERDE,CAJAMARCA,SAN IGNACIO,OTROS PAMPA VERDE DISTRITO NAMBALLE PROVINCIA SAN IGNACIO DEPARTAMENTO CAJAMARCA,-79.17658,-5.08898,652,1,6,CAJAMARCA,9,SAN IGNACIO,5,NAMBALLE,NAMBALLE,60905,609,60905,52,NAMBALLE,-5.107316398456057,-79.18098681854407,2.096518948565287,,,,,,,,
256,9442,4308,I-1,DIAMANTE,CAJAMARCA,SAN IGNACIO,OTROS COMUNIDAD EL DIAMANTE DISTRITO SAN JOSE DE LOURDES PROVINCIA SAN IGNACIO DEPARTAMENTO CAJAMARCA,-78.90137,-4.92764,653,1,6,CAJAMARCA,9,SAN IGNACIO,6,SAN JOSE DE LOURDES,SAN JOSE DE LOURDES,60906,609,60906,83,SAN JOSE DE LOURDES,-4.915990503475814,-78.83184908839714,7.810040996555881,,,,,,,,
263,19446,4311,I-3,TAMBORAPA PUEBLO,CAJAMARCA,SAN IGNACIO,AVENIDA AV. GRAU S/N S/N AV. GRAU S/N TABACONAS SAN IGNACIO CAJAMARCA,-79.15838419,-5.29116357,654,1,6,CAJAMARCA,9,SAN IGNACIO,7,TABACONAS,TABACONAS,60907,609,60907,91,TABACONAS,-5.324338543193906,-79.21511925434639,7.284669147975754,2896.0,2896.0,2896.0,17878.0,17878.0,17878.0,,
360,23556,28974,I-3,CENTRO MEDICO SAN MARCOS TU SALUD EN NUESTRAS MANOS EIRL,CAJAMARCA,NO PERTENECE A NINGUNA RED,JIRÓN INCLAN NÚMERO 124 PISO 1 DISTRITO PEDRO GALVEZ PROVINCIA SAN MARCOS DEPARTAMENTO CAJAMARCA,-78.1706939,-7.332226,655,1,6,CAJAMARCA,10,SAN MARCOS,1,PEDRO GALVEZ,SAN MARCOS,61001,610,61001,58,PEDRO GALVEZ,-7.329158689680376,-78.17123693582491,0.3462874872616319,554.0,554.0,554.0,2686.0,2686.0,2686.0,,
345,9767,4491,I-1,PUESTO DE SALUD CHANCAY,CAJAMARCA,SAN MARCOS,AVENIDA AV. CHANCAY S/N NÚMERO S/N DISTRITO CHANCAY PROVINCIA SAN MARCOS DEPARTAMENTO CAJAMARCA,-78.12366049,-7.39182615,656,1,6,CAJAMARCA,10,SAN MARCOS,2,CHANCAY,CHANCAY,61002,610,61002,22,CHANCAY,-7.409440519501964,-78.11730721333672,2.0801490473291695,622.0,622.0,622.0,6129.0,6129.0,6129.0,,
347,11529,4492,I-2,LA GRAMA,CAJAMARCA,SAN MARCOS,AVENIDA AV. FUJIMURI S/N NÚMERO S/N DISTRITO EDUARDO VILLANUEVA PROVINCIA SAN MARCOS DEPARTAMENTO CAJAMARCA,-78.12878775,-7.46432594,657,1,6,CAJAMARCA,10,SAN MARCOS,3,EDUARDO VILLANUEVA,LA GRAMA,61003,610,61003,11,EDUARDO VILLANUEVA,-7.441246652965817,-78.14339863956327,3.0300156643782756,1265.0,1265.0,1265.0,9072.0,9072.0,9072.0,,
364,5345,4503,I-1,PUESTO DE SALUD ULLILLIN,CAJAMARCA,SAN MARCOS,OTROS LOCALIDAD ULLILLIN DISTRITO GREGORIO PITA PROVINCIA SAN MARCOS DEPARTAMENTO CAJAMARCA,-78.13598169,-7.25759535,658,1,6,CAJAMARCA,10,SAN MARCOS,4,GREGORIO PITA,PAUCAMARCA,61004,610,61004,53,GREGORIO PITA,-7.222072177482906,-78.161240434848,4.833805020046586,13346.0,13346.0,13346.0,96359.0,96359.0,96359.0,,
344,12163,4490,I-1,PUESTO DE SALUD POMARONGO,CAJAMARCA,SAN MARCOS,OTROS CAMINO REAL S/N NÚMERO S/N DISTRITO CHANCAY PROVINCIA SAN MARCOS DEPARTAMENTO CAJAMARCA,-78.06887621,-7.41290977,656,1,6,CAJAMARCA,10,SAN MARCOS,5,ICHOCAN,ICHOCAN,61005,610,61005,15,ICHOCAN,-7.406084236084644,-78.05979325503557,1.2566303511212824,214.0,214.0,214.0,1391.0,1391.0,1391.0,,
348,17648,4494,I-2,PUESTO DE SALUD SHIRAC,CAJAMARCA,SAN MARCOS,JIRÓN JR. 11 DE DICIEMBRE S/N S/N JR. 11 DE DICIEMBRE S/N JOSE MANUEL QUIROZ SAN MARCOS CAJAMARCA,-78.0465152,-7.34880313,660,1,6,CAJAMARCA,10,SAN MARCOS,6,JOSE MANUEL QUIROZ,SHIRAC,61006,610,61006,66,JOSE MANUEL QUIROZ,-7.35601711617239,-78.02097097011375,2.929017212677367,1227.0,1227.0,1227.0,9307.0,9307.0,9307.0,,
352,16413,4498,I-2,LICLICONGA,CAJAMARCA,SAN MARCOS,OTROS CENTRO POBLADO LICLICONGA S/N NÚMERO S/N DISTRITO JOSE SABOGAL PROVINCIA SAN MARCOS DEPARTAMENTO CAJAMARCA,-77.91045089,-7.27189469,661,1,6,CAJAMARCA,10,SAN MARCOS,7,JOSE SABOGAL,VENECIA,61007,610,61007,82,JOSE SABOGAL,-7.226790322303838,-77.96818616001592,8.10632091206456,1130.0,1130.0,1130.0,7384.0,7384.0,7384.0,,
420,3003,4574,I-1,TAYAPAMPA,CAJAMARCA,SAN MIGUEL,OTROS LOCALIDAD TAYAPAMPA DISTRITO SAN MIGUEL PROVINCIA SAN MIGUEL DEPARTAMENTO CAJAMARCA,-78.89912,-7.09990667,662,1,6,CAJAMARCA,11,SAN MIGUEL,1,SAN MIGUEL,SAN MIGUEL DE PALLAQUES,61101,611,61101,68,SAN MIGUEL,-7.077477931138254,-78.92235563378821,3.5768159374899384,3305.0,3305.0,3305.0,24333.0,24333.0,24333.0,,
403,23150,4534,I-2,BOLIVAR,CAJAMARCA,SAN MIGUEL,AVENIDA AV. 26 DE DICIEMBRE S/N -  BOLIVAR NÚMERO S/N DISTRITO BOLIVAR PROVINCIA SAN MIGUEL DEPARTAMENTO CAJAMARCA,-79.1791,-6.97723,663,1,6,CAJAMARCA,11,SAN MIGUEL,2,BOLIVAR,BOLIVAR,61102,611,61102,30,BOLIVAR,-6.975911467344069,-79.16248594340846,1.8395723681112006,208.0,208.0,208.0,1484.0,1484.0,1484.0,,
460,23151,4570,I-1,TAULIS,CAJAMARCA,SAN MIGUEL,OTROS LOCALIDAD TAULIS DISTRITO CALQUIS PROVINCIA SAN MIGUEL DEPARTAMENTO CAJAMARCA,-78.98910379,-6.93800848,664,1,6,CAJAMARCA,11,SAN MIGUEL,3,CALQUIS,CALQUIS,61103,611,61103,24,CALQUIS,-6.913739691961161,-78.9531112880556,4.8027934418346705,620.0,620.0,620.0,2580.0,2580.0,2580.0,,
514,21589,4606,I-1,QUILCATE ALTO,CAJAMARCA,SAN MIGUEL,OTROS CPM QUILCATE ALTO CPM QUILCATE ALTO CATILLUC SAN MIGUEL CAJAMARCA,-78.7313,-6.81692,665,1,6,CAJAMARCA,11,SAN MIGUEL,4,CATILLUC,CATILLUC,61104,611,61104,23,CATILLUC,-6.8042771604382,-78.73384164479626,1.4335544881814997,81.0,81.0,81.0,568.0,568.0,568.0,,
414,21765,4575,I-2,EL PRADO,CAJAMARCA,SAN MIGUEL,DISTRITO EL PRADO,-79.00941,-7.033193,666,1,6,CAJAMARCA,11,SAN MIGUEL,5,EL PRADO,EL PRADO,61105,611,61105,15,EL PRADO,-7.038039308001461,-79.00331840461457,0.8615814239974876,3.0,3.0,3.0,20.0,20.0,20.0,,
442,12164,4556,I-3,LA FLORIDA,CAJAMARCA,SAN MIGUEL,OTROS DISTRITO LA FLORIDA DISTRITO LA FLORIDA PROVINCIA SAN MIGUEL DEPARTAMENTO CAJAMARCA,-79.12444358,-6.87032866,667,1,6,CAJAMARCA,11,SAN MIGUEL,6,LA FLORIDA,LA FLORIDA,61106,611,61106,28,LA FLORIDA,-6.868881427325543,-79.14883383226443,2.6974067437700238,956.0,956.0,956.0,8264.0,8264.0,8264.0,,
453,1346,7083,I-1,PABELLON CHICO,CAJAMARCA,SAN MIGUEL,OTROS COMUNIDAD PABELLON CHICO DISTRITO LLAPA PROVINCIA SAN MIGUEL DEPARTAMENTO CAJAMARCA,-78.75323,-6.89316,668,1,6,CAJAMARCA,11,SAN MIGUEL,7,LLAPA,LLAPA,61107,611,61107,27,LLAPA,-6.891368966467351,-78.74868872486786,0.5394271297951684,1549.0,1549.0,1549.0,12866.0,12866.0,12866.0,,
401,16073,4532,I-3,NANCHOC,CAJAMARCA,SAN MIGUEL,OTROS DISTRITO DE NANCHOC DISTRITO NANCHOC PROVINCIA SAN MIGUEL DEPARTAMENTO CAJAMARCA,-79.24141148,-6.95981345,669,1,6,CAJAMARCA,11,SAN MIGUEL,8,NANCHOC,NANCHOC,61108,611,61108,39,NANCHOC,-7.00851074303496,-79.24777398372792,5.460236038765865,56.0,56.0,56.0,221.0,221.0,221.0,,
443,7184,4557,I-2,NIEPOS,CAJAMARCA,SAN MIGUEL,OTROS DISTRITO NIEPOS DISTRITO NIEPOS PROVINCIA SAN MIGUEL DEPARTAMENTO CAJAMARCA,-79.12840201,-6.9267286,670,1,6,CAJAMARCA,11,SAN MIGUEL,9,NIEPOS,NIEPOS,61109,611,61109,41,NIEPOS,-6.926717799126992,-79.13143524251483,0.3348204815982702,44.0,44.0,44.0,142.0,142.0,142.0,,
405,13171,4535,I-1,EL SAUCE,CAJAMARCA,SAN MIGUEL,OTROS LOCALIDAD EL SAUCE DISTRITO SAN GREGORIO PROVINCIA SAN MIGUEL DEPARTAMENTO CAJAMARCA,-79.12735,-7.06395,671,1,6,CAJAMARCA,11,SAN MIGUEL,10,SAN GREGORIO,SAN GREGORIO,61110,611,61110,48,SAN GREGORIO,-7.117978014363154,-79.16096822944561,7.0606490347439,1419.0,1419.0,1419.0,8891.0,8891.0,8891.0,,
456,23288,4566,I-1,TANTACHUAL BAJO,CAJAMARCA,SAN MIGUEL,OTROS CASERIO TANTACHUAL BAJO DISTRITO SAN SILVESTRE DE COCHAN PROVINCIA SAN MIGUEL DEPARTAMENTO CAJAMARCA,-78.69851,-6.93277,672,1,6,CAJAMARCA,11,SAN MIGUEL,11,SAN SILVESTRE DE COCHAN,SAN SILVESTRE DE COCHAN,61111,611,61111,34,SAN SILVESTRE DE COCHAN,-6.931431002406688,-78.7252617863822,2.9566689685153067,1457.0,1457.0,1457.0,8623.0,8623.0,8623.0,,
518,20733,8751,I-1,LA CORONILLA,CAJAMARCA,SAN MIGUEL,OTROS COMUNIDAD LA CORONILLA COMUNIDAD LA CORONILLA TONGOD SAN MIGUEL CAJAMARCA,-78.81490039,-6.80759961,673,1,6,CAJAMARCA,11,SAN MIGUEL,12,TONGOD,TONGOD,61112,611,61112,24,TONGOD,-6.788161271933613,-78.83354722256809,2.9850851585553477,2153.0,2153.0,2153.0,13034.0,13034.0,13034.0,,
427,16369,4543,I-1,LIVES,CAJAMARCA,SAN MIGUEL,JIRÓN JR. CHEPEN S/N NÚMERO S/N DISTRITO UNION AGUA BLANCA PROVINCIA SAN MIGUEL DEPARTAMENTO CAJAMARCA,-79.0414859,-7.08044523,674,1,6,CAJAMARCA,11,SAN MIGUEL,13,UNION AGUA BLANCA,AGUA BLANCA,61113,611,61113,32,UNION AGUA BLANCA,-7.118897786310705,-79.05419583150723,4.499856404024194,723.0,723.0,723.0,5250.0,5250.0,5250.0,,
464,21963,4581,I-2,SANTA ROSA DE UNANCA,CAJAMARCA,SAN PABLO,OTROS LOCALIDAD SANTA ROSA DE UNANCA DISTRITO SAN PABLO PROVINCIA SAN PABLO DEPARTAMENTO CAJAMARCA,-78.78178041,-7.08410971,675,1,6,CAJAMARCA,12,SAN PABLO,1,SAN PABLO,SAN PABLO,61201,612,61201,48,SAN PABLO,-7.086013887615922,-78.78578175939919,0.48967587181013744,1631.0,1631.0,1631.0,9673.0,9673.0,9673.0,,
410,14321,4579,I-1,POLAN,CAJAMARCA,SAN PABLO,OTROS LOCALIDAD DE POLAN DISTRITO SAN BERNARDINO PROVINCIA SAN PABLO DEPARTAMENTO CAJAMARCA,-78.76941805,-7.15555602,676,1,6,CAJAMARCA,12,SAN PABLO,2,SAN BERNARDINO,SAN BERNARDINO,61202,612,61202,26,SAN BERNARDINO,-7.174980674339086,-78.78564955844057,2.805728293984192,6207.0,6207.0,6207.0,58525.0,58525.0,58525.0,,
472,5349,4585,I-1,SAN LUIS BAJO - GRANDE,CAJAMARCA,SAN PABLO,JIRÓN JR. LIMA S/N NÚMERO S/N DISTRITO SAN LUIS PROVINCIA SAN PABLO DEPARTAMENTO CAJAMARCA,-78.8690618,-7.1566476,677,1,6,CAJAMARCA,12,SAN PABLO,3,SAN LUIS,SAN LUIS GRANDE,61203,612,61203,9,SAN LUIS,-7.159045931055743,-78.8730841197766,0.5177416870407864,88.0,88.0,88.0,640.0,640.0,640.0,,
470,5766,4610,I-1,EL REGALADO,CAJAMARCA,SAN PABLO,OTROS COMUNIDAD EL REGALADO DISTRITO TUMBADEN PROVINCIA SAN PABLO DEPARTAMENTO CAJAMARCA,-78.67149,-6.95964,678,1,6,CAJAMARCA,12,SAN PABLO,4,TUMBADEN,TUMBADEN,61204,612,61204,21,TUMBADEN,-6.987533031711155,-78.67619782431038,3.144788528728926,330.0,330.0,330.0,3080.0,3080.0,3080.0,,
967,19454,4813,I-4,SANTA CRUZ,CAJAMARCA,SANTA CRUZ,AVENIDA AV. ZARUMILLA S/N NÚMERO S/N DISTRITO SANTA CRUZ PROVINCIA SANTA CRUZ DEPARTAMENTO CAJAMARCA,-78.943336,-6.630679,679,1,6,CAJAMARCA,13,SANTA CRUZ,1,SANTA CRUZ,SANTA CRUZ DE SUCCHABAMBA,61301,613,61301,52,SANTA CRUZ,-6.627556466156622,-78.94191466046652,0.38105157538867884,309.0,309.0,309.0,1320.0,1320.0,1320.0,,
974,10078,4818,I-2,ANDABAMBA,CAJAMARCA,SANTA CRUZ,OTROS COMUNIDAD ANDABAMBA DISTRITO ANDABAMBA PROVINCIA SANTA CRUZ DEPARTAMENTO CAJAMARCA,-78.81947,-6.66291,680,1,6,CAJAMARCA,13,SANTA CRUZ,2,ANDABAMBA,ANDABAMBA,61302,613,61302,11,ANDABAMBA,-6.664009037035801,-78.80972226391866,1.0834908688409515,1271.0,1271.0,1271.0,7430.0,7430.0,7430.0,,
936,19453,4777,I-1,MACUACO,CAJAMARCA,SANTA CRUZ,OTROS COMUNIDAD MACUACO DISTRITO CATACHE PROVINCIA SANTA CRUZ DEPARTAMENTO CAJAMARCA,-79.04854,-6.75689,681,1,6,CAJAMARCA,13,SANTA CRUZ,3,CATACHE,CATACHE,61303,613,61303,80,CATACHE,-6.749358435052559,-79.07690654224525,3.2423542663860148,12705.0,12705.0,12705.0,85868.0,85868.0,85868.0,,
980,8900,4824,I-1,BAÑOS CHANCAY,CAJAMARCA,SANTA CRUZ,OTROS COMUNIDAD BAÑOS CHANCAY DISTRITO CHANCAYBAÑOS PROVINCIA SANTA CRUZ DEPARTAMENTO CAJAMARCA,-78.88959899,-6.55025775,682,1,6,CAJAMARCA,13,SANTA CRUZ,4,CHANCAYBAÑOS,CHANCAYBAÑOS,61304,613,61304,34,CHANCAYBAÑOS,-6.555963298481807,-78.87793669351107,1.4360557428152916,887.0,887.0,887.0,5710.0,5710.0,5710.0,,
986,9451,4827,I-1,MIRAFLORES,CAJAMARCA,SANTA CRUZ,OTROS COMUNIDAD MIRAFLORES DISTRITO LA ESPERANZA PROVINCIA SANTA CRUZ DEPARTAMENTO CAJAMARCA,-78.8365381,-6.60928969,683,1,6,CAJAMARCA,13,SANTA CRUZ,5,LA ESPERANZA,LA ESPERANZA,61305,613,61305,33,LA ESPERANZA,-6.62091640748167,-78.85937972057158,2.8349173699873407,2576.0,2576.0,2576.0,17254.0,17254.0,17254.0,,
977,15528,6841,I-1,ACHIRAMAYO,CAJAMARCA,SANTA CRUZ,OTROS COMUNIDAD ACHIRAMAYO DISTRITO NINABAMBA PROVINCIA SANTA CRUZ DEPARTAMENTO CAJAMARCA,-78.76768,-6.67817,684,1,6,CAJAMARCA,13,SANTA CRUZ,6,NINABAMBA,NINABAMBA,61306,613,61306,15,NINABAMBA,-6.695731296328825,-78.76868982762464,1.955909122520054,8106.0,8106.0,8106.0,47634.0,47634.0,47634.0,,
988,24910,4830,I-3,PULAN,CAJAMARCA,SANTA CRUZ,OTROS GNRL. CABREJOS S/N NÚMERO S/N DISTRITO PULAN PROVINCIA SANTA CRUZ DEPARTAMENTO CAJAMARCA,-78.92323,-6.73994,685,1,6,CAJAMARCA,13,SANTA CRUZ,7,PULAN,PULAN,61307,613,61307,31,PULAN,-6.746564193315141,-78.92116181232358,0.7711699845737254,1313.0,1313.0,1313.0,9238.0,9238.0,9238.0,,
993,18932,4833,I-2,SAUCEPAMPA,CAJAMARCA,SANTA CRUZ,OTROS CALL. 17 DE JULIO DISTRITO SAUCEPAMPA PROVINCIA SANTA CRUZ DEPARTAMENTO CAJAMARCA,-78.916056,-6.69143542,686,1,6,CAJAMARCA,13,SANTA CRUZ,8,SAUCEPAMPA,SAUCEPAMPA,61308,613,61308,10,SAUCEPAMPA,-6.682860526811872,-78.9084686522991,1.2693572291057782,87.0,87.0,87.0,112.0,112.0,112.0,,
817,5471,4710,I-1,SEXI,CAJAMARCA,SANTA CRUZ,CALLE CALLE EL PROGRESO S/N NÚMERO S/N DISTRITO SEXI PROVINCIA SANTA CRUZ DEPARTAMENTO CAJAMARCA,-79.05109564,-6.56318719,687,1,6,CAJAMARCA,13,SANTA CRUZ,9,SEXI,SEXI,61309,613,61309,35,SEXI,-6.585582547393862,-79.0363532251021,2.9754602918167863,10460.0,10460.0,10460.0,83726.0,83726.0,83726.0,,
995,22920,4834,I-2,UTICYACU,CAJAMARCA,SANTA CRUZ,OTROS DISTRITO UTICYACU DISTRITO UTICYACU PROVINCIA SANTA CRUZ DEPARTAMENTO CAJAMARCA,-78.79456398,-6.60602069,688,1,6,CAJAMARCA,13,SANTA CRUZ,10,UTICYACU,UTICYACU,61310,613,61310,10,UTICYACU,-6.614700237533157,-78.79053750141917,1.062666524781999,3198.0,3198.0,3198.0,19671.0,19671.0,19671.0,,
999,5353,4836,I-1,PUCHUDEN,CAJAMARCA,SANTA CRUZ,OTROS COMUNIDAD PUCHUDEN COMUNIDAD PUCHUDEN YAUYUCAN SANTA CRUZ CAJAMARCA,-78.85784368,-6.69074851,689,1,6,CAJAMARCA,13,SANTA CRUZ,11,YAUYUCAN,YAUYUCAN,61311,613,61311,18,YAUYUCAN,-6.682859653400819,-78.84943957704252,1.27707441030723,330.0,330.0,330.0,2408.0,2408.0,2408.0,,
439,21617,4552,I-2,JAGUEY,CAJAMARCA,CONTUMAZA,AVENIDA AV. CAJAMARCA S/N NÚMERO S/N DISTRITO SAN BENITO PROVINCIA CONTUMAZA DEPARTAMENTO CAJAMARCA,-78.94018339,-7.61443072,614,1,13,LA LIBERTAD,11,GRAN CHIMU,1,CASCAS,CASCAS,131101,1311,131101,150,CASCAS,-7.501507538534319,-78.76394795430816,23.131003159964592,9186.0,,9186.0,102991.0,,102991.0,9186.0,102991.0
