,id_eess,codigo_renaes,categoria,nombre,diresa,red,direccion,longitud,latitud,id_ubigeo,ind,CCDD,NOMBDEP,CCPP,NOMBPROV,CCDI,NOMBDIST,CAPITAL,UBIGEO,IDPROV,CODIGO,CNT_CCPP,DESCRIPCIO,Centroid_Latitude,Centroid_Longitude,distancia,travel_time_best_guess,travel_distance_best_guess,travel_time_pessimistic,travel_distance_pessimistic,travel_time_optimistic,travel_distance_optimistic
0,26156,6995,I-1,PISAGUAS,CAJAMARCA,SAN IGNACIO,OTROS COMUNIDAD DE PISAGUAS DISTRITO HUARANGO PROVINCIA SAN IGNACIO DEPARTAMENTO CAJAMARCA,-78.64009333,-5.24869333,650,1,1,AMAZONAS,2,BAGUA,5,IMAZA,CHIRIACO,10205,102,10205,159,IMAZA,-4.99126684432514,-78.38959521553005,0.3591903407385955,,,,,,
1,25604,4640,I-3,LA TULPUNA,CAJAMARCA,CAJAMARCA,AVENIDA AV. ALFONSO UGARTE S/N S/N AV. ALFONSO UGARTE S/N CAJAMARCA CAJAMARCA CAJAMARCA,-78.55323,-7.06213,563,1,6,CAJAMARCA,1,CAJAMARCA,1,CAJAMARCA,CAJAMARCA,60101,601,60101,126,CAJAMARCA,-7.077465094056442,-78.56111128956503,0.017241804862828173,637.0,3906.0,637.0,3906.0,637.0,3906.0
2,7185,4625,I-2,ASUNCION,CAJAMARCA,CAJAMARCA,JIRÓN JR. EL INCA N° 358 JR. EL INCA N° 358 ASUNCION CAJAMARCA CAJAMARCA,-78.51852644,-7.32536372,564,1,6,CAJAMARCA,1,CAJAMARCA,2,ASUNCION,ASUNCION,60102,601,60102,77,ASUNCION,-7.338237028825001,-78.5271835710878,0.015513477971597064,854.0,5542.0,854.0,5542.0,854.0,5542.0
3,7777,4653,I-2,CHETILLA,CAJAMARCA,CAJAMARCA,JIRÓN JR. SAN PEDRO S/N S/N JR. SAN PEDRO S/N CHETILLA CAJAMARCA CAJAMARCA,-78.6737509,-7.14631393,565,1,6,CAJAMARCA,1,CAJAMARCA,3,CHETILLA,CHETILLA,60103,601,60103,40,CHETILLA,-7.142504145663757,-78.65402714365003,0.020088330474229983,1563.0,10589.0,1563.0,10589.0,1563.0,10589.0
4,9447,4627,I-2,COSPAN,CAJAMARCA,CAJAMARCA,JIRÓN JR. BOLIVAR S/N S/N JR. BOLIVAR S/N COSPAN CAJAMARCA CAJAMARCA,-78.54295072,-7.42671499,566,1,6,CAJAMARCA,1,CAJAMARCA,4,COSPAN,COSPAN,60104,601,60104,63,COSPAN,-7.453031861989977,-78.51685530281875,0.037061415909268106,2306.0,14134.0,2306.0,14134.0,2306.0,14134.0
5,9366,4599,I-1,YERBA BUENA,CAJAMARCA,CAJAMARCA,OTROS COMUNIDAD DE YERBA BUENA DISTRITO ENCAÑADA PROVINCIA CAJAMARCA DEPARTAMENTO CAJAMARCA,-78.37325155,-6.99192237,567,1,6,CAJAMARCA,1,CAJAMARCA,5,ENCAÑADA,ENCAÑADA,60105,601,60105,110,ENCAÑADA,-6.98522815524193,-78.40294104106351,0.030434822010934434,2689.0,17892.0,2689.0,17892.0,2689.0,17892.0
6,7776,4635,I-1,EL CARMEN,CAJAMARCA,CAJAMARCA,OTROS COMUNIDAD EL CARMEN DISTRITO JESUS PROVINCIA CAJAMARCA DEPARTAMENTO CAJAMARCA,-78.32248816,-7.3008959,568,1,6,CAJAMARCA,1,CAJAMARCA,6,JESUS,JESUS,60106,601,60106,65,JESUS,-7.298307992783807,-78.36664819792553,0.04423580239289407,1607.0,10266.0,1607.0,10266.0,1607.0,10266.0
7,22304,4604,I-2,LLACANORA,CAJAMARCA,CAJAMARCA,OTROS PROLG. CATARATAS N° 311 PROLG. CATARATAS N° 311 LLACANORA CAJAMARCA CAJAMARCA,-78.42567616,-7.19224192,569,1,6,CAJAMARCA,1,CAJAMARCA,7,LLACANORA,LLACANORA,60107,601,60107,47,LLACANORA,-7.189598635181219,-78.41184104232502,0.014085362462980052,528.0,2692.0,528.0,2692.0,528.0,2692.0
8,4380,4650,I-1,HUACATAZ,CAJAMARCA,CAJAMARCA,OTROS COMUNIDAD DE HUACATAZ DISTRITO LOS BAÑOS DEL INCA PROVINCIA CAJAMARCA DEPARTAMENTO CAJAMARCA,-78.429987,-7.078862,570,1,6,CAJAMARCA,1,CAJAMARCA,8,LOS BAÑOS DEL INCA,LOS BAÑOS DEL INCA,60108,601,60108,74,LOS BAÑOS DEL INCA,-7.090123121733361,-78.45597511219698,0.02832304429711987,,,,,,
9,25603,4631,I-1,CUMBICO,CAJAMARCA,CAJAMARCA,OTROS COMUNIDAD DE CUMBICO S/N COMUNIDAD DE CUMBICO MAGDALENA CAJAMARCA CAJAMARCA,-78.632315,-7.213976,571,1,6,CAJAMARCA,1,CAJAMARCA,9,MAGDALENA,MAGDALENA,60109,601,60109,108,MAGDALENA,-7.224728505531067,-78.62238468653182,0.014636512589142225,385.0,2564.0,385.0,2564.0,385.0,2564.0
10,25290,4603,I-2,MATARA,CAJAMARCA,CAJAMARCA,AVENIDA AV.GONZALO PACIFICO CABRERA N° 286 DISTRITO MATARA PROVINCIA CAJAMARCA DEPARTAMENTO CAJAMARCA,-78.26372,-7.25651,572,1,6,CAJAMARCA,1,CAJAMARCA,10,MATARA,MATARA,60110,601,60110,21,MATARA,-7.272018782157795,-78.25947777718508,0.016078519161583243,312.0,2329.0,312.0,2329.0,312.0,2329.0
11,9884,4602,I-2,NAMORA,CAJAMARCA,CAJAMARCA,JIRÓN JR. VICTORIA CORTEZ S/N S/N JR. VICTORIA CORTEZ S/N NAMORA CAJAMARCA CAJAMARCA,-78.3233237,-7.20283723,573,1,6,CAJAMARCA,1,CAJAMARCA,11,NAMORA,NAMORA,60111,601,60111,40,NAMORA,-7.184364016375891,-78.28407074183642,0.04338265029011332,1375.0,10168.0,1375.0,10168.0,1375.0,10168.0
12,24348,4633,I-3,SAN JUAN,CAJAMARCA,CAJAMARCA,JIRÓN JR.EL PROGRESO N°130 JR.EL PROGRESO N°130 SAN JUAN CAJAMARCA CAJAMARCA,-78.49506255,-7.29234457,574,1,6,CAJAMARCA,1,CAJAMARCA,12,SAN JUAN,SAN JUAN,60112,601,60112,43,SAN JUAN,-7.273909973011706,-78.48197922947648,0.022605478142300114,983.0,9177.0,983.0,9177.0,983.0,9177.0
13,27565,7651,I-1,CHANSHAPAMPA,CAJAMARCA,CAJABAMBA,OTROS CASERIO CHANSHAPAMPA DISTRITO CAJABAMBA PROVINCIA CAJABAMBA DEPARTAMENTO CAJAMARCA,-78.0304932,-7.63233824,575,1,6,CAJAMARCA,2,CAJABAMBA,1,CAJABAMBA,CAJABAMBA,60201,602,60201,47,CAJABAMBA,-7.631450909366323,-78.03214219886948,0.001872579217289071,7.0,34.0,7.0,34.0,7.0,34.0
14,3296,4513,I-2,ALGAMARCA,CAJAMARCA,CAJABAMBA,OTROS CPM SAN JOSE DE ALGAMARCA DISTRITO CACHACHI PROVINCIA CAJABAMBA DEPARTAMENTO CAJAMARCA,-78.24673724,-7.60726053,576,1,6,CAJAMARCA,2,CAJABAMBA,2,CACHACHI,CACHACHI,60202,602,60202,183,CACHACHI,-7.567687463603137,-78.25332891600632,0.04011829727970595,1208.0,7712.0,1208.0,7712.0,1208.0,7712.0
15,26115,4516,I-2,OTUTO,CAJAMARCA,CAJABAMBA,OTROS CASERIO CONDEBAMBA S/N NÚMERO S/N DISTRITO CONDEBAMBA PROVINCIA CAJABAMBA DEPARTAMENTO CAJAMARCA,-78.06980719,-7.52745935,577,1,6,CAJAMARCA,2,CAJABAMBA,3,CONDEBAMBA,CAUDAY,60203,602,60203,61,CONDEBAMBA,-7.530122419973073,-78.09113520240439,0.021493628237292867,782.0,5079.0,782.0,5079.0,782.0,5079.0
16,15353,4519,I-2,SAN JUAN DE LLUCHUBAMBA,CAJAMARCA,CAJABAMBA,OTROS LOCALIDAD SAN JUAN DISTRITO SITACOCHA PROVINCIA CAJABAMBA DEPARTAMENTO CAJAMARCA,-77.8806691,-7.46378668,578,1,6,CAJAMARCA,2,CAJABAMBA,4,SITACOCHA,LLUCHUBAMBA,60204,602,60204,75,SITACOCHA,-7.474385184657658,-77.90631489984364,0.027749510817272876,8810.0,52299.0,8810.0,52299.0,8810.0,52299.0
17,26781,11250,I-1,SAN ANTONIO,CAJAMARCA,CELENDIN,OTROS CENTRO POBLADO DE SAN ANTONIO DISTRITO CELENDIN PROVINCIA CELENDIN DEPARTAMENTO CAJAMARCA,-78.13502445,-6.80404279,579,1,6,CAJAMARCA,3,CELENDIN,1,CELENDIN,CELENDIN,60301,603,60301,70,CELENDIN,-6.774938931037327,-78.11727136589845,0.03409115136858958,0.0,0.0,0.0,0.0,0.0,0.0
18,21960,4479,I-1,CHUMUCH,CAJAMARCA,CELENDIN,OTROS COMUNIDAD CHUMUCH DISTRITO CHUMUCH PROVINCIA CELENDIN DEPARTAMENTO CAJAMARCA,-78.19837123,-6.60346578,580,1,6,CAJAMARCA,3,CELENDIN,2,CHUMUCH,CHUMUCH,60302,603,60302,23,CHUMUCH,-6.570579571483123,-78.18705795503254,0.034777764463876815,,,,,,
19,18468,6757,I-1,CANDEN,CAJAMARCA,CELENDIN,OTROS LOCALIDAD CANDEN DISTRITO CORTEGANA PROVINCIA CELENDIN DEPARTAMENTO CAJAMARCA,-78.30410337,-6.45880937,581,1,6,CAJAMARCA,3,CELENDIN,3,CORTEGANA,CHIMUCH (CORTEGANA),60303,603,60303,61,CORTEGANA,-6.487693638144822,-78.28551672740241,0.03434769612816521,,,,,,
20,25093,4471,I-1,SANTA ROSA DE HUASMIN,CAJAMARCA,CELENDIN,OTROS CASERIO SANTA ROSA S/N S/N CASERIO SANTA ROSA S/N HUASMIN CELENDIN CAJAMARCA,-78.31676744,-6.84836433,582,1,6,CAJAMARCA,3,CELENDIN,4,HUASMIN,HUASMIN,60304,603,60304,83,HUASMIN,-6.828301323385775,-78.32562772354204,0.021932370114688696,402.0,2397.0,402.0,2397.0,402.0,2397.0
21,5395,4487,I-1,JORGE CHAVEZ,CAJAMARCA,CELENDIN,JIRÓN JR. EL COMERCIO S/N NÚMERO S/N DISTRITO JORGE CHAVEZ PROVINCIA CELENDIN DEPARTAMENTO CAJAMARCA,-78.09407559,-6.94080369,583,1,6,CAJAMARCA,3,CELENDIN,5,JORGE CHAVEZ,LUCMAPAMPA,60305,603,60305,17,JORGE CHAVEZ,-6.93951656771669,-78.06949244345488,0.024616819003099012,734.0,5212.0,734.0,5212.0,734.0,5212.0
22,21961,4488,I-2,JOSE GALVEZ,CAJAMARCA,CELENDIN,JIRÓN JR. EL RECUERDO N° 105 DISTRITO JOSE GALVEZ PROVINCIA CELENDIN DEPARTAMENTO CAJAMARCA,-78.13082021,-6.9295306,584,1,6,CAJAMARCA,3,CELENDIN,6,JOSE GALVEZ,HUACAPAMPA,60306,603,60306,24,JOSE GALVEZ,-6.919895067629336,-78.15877251548687,0.029566448317270486,1309.0,9759.0,1309.0,9759.0,1309.0,9759.0
23,2481,4478,I-3,MIGUEL IGLESIAS,CAJAMARCA,CELENDIN,JIRÓN JR. SAN ISIDRO S/N NÚMERO S/N DISTRITO MIGUEL IGLESIAS PROVINCIA CELENDIN DEPARTAMENTO CAJAMARCA,-78.23179707,-6.64978414,585,1,6,CAJAMARCA,3,CELENDIN,7,MIGUEL IGLESIAS,CHALAN,60307,603,60307,25,MIGUEL IGLESIAS,-6.651037215226543,-78.26533736172955,0.03356369119788179,2593.0,19722.0,2593.0,19722.0,2593.0,19722.0
24,1068,9049,I-1,LA QUINUA,CAJAMARCA,CELENDIN,OTROS COMUNIDAD LA QUINUA DISTRITO OXAMARCA PROVINCIA CELENDIN DEPARTAMENTO CAJAMARCA,-78.05464005,-7.07242673,586,1,6,CAJAMARCA,3,CELENDIN,8,OXAMARCA,OXAMARCA,60308,603,60308,62,OXAMARCA,-7.059288980121174,-78.06133279004958,0.014744261298883439,1574.0,10348.0,1574.0,10348.0,1574.0,10348.0
25,17649,4594,I-1,LA CHORRERA,CAJAMARCA,CELENDIN,OTROS LOCALIDAD LA CHORRERA LOCALIDAD LA CHORRERA SOROCHUCO CELENDIN CAJAMARCA,-78.31506737,-6.95005723,587,1,6,CAJAMARCA,3,CELENDIN,9,SOROCHUCO,SOROCHUCO,60309,603,60309,80,SOROCHUCO,-6.934214997604489,-78.29718227998802,0.023892525442274673,814.0,3389.0,814.0,3389.0,814.0,3389.0
26,25289,4485,I-1,CALCONGA,CAJAMARCA,CELENDIN,OTROS LOCALIDAD CALCONGA DISTRITO SUCRE PROVINCIA CELENDIN DEPARTAMENTO CAJAMARCA,-78.15580885,-7.00941955,588,1,6,CAJAMARCA,3,CELENDIN,10,SUCRE,SUCRE,60310,603,60310,38,SUCRE,-7.018749889169237,-78.1713049795272,0.018088263027084318,2277.0,13605.0,2277.0,13605.0,2277.0,13605.0
27,22302,4468,I-1,UTCO LIMON,CAJAMARCA,CELENDIN,OTROS CASERIO UTCO S/N NÚMERO S/N DISTRITO UTCO PROVINCIA CELENDIN DEPARTAMENTO CAJAMARCA,-78.09005808,-6.87100658,589,1,6,CAJAMARCA,3,CELENDIN,11,UTCO,UTCO,60311,603,60311,31,UTCO,-6.881324985969411,-78.05760981421811,0.03404936789430978,1306.0,10695.0,1306.0,10695.0,1306.0,10695.0
28,8144,4481,I-2,LA LIBERTAD DE PALLAN,CAJAMARCA,CELENDIN,JIRÓN JR. MIGUEL IGLESIAS CUADRA 5 JR. MIGUEL IGLESIAS CUADRA 5 LA LIBERTAD DE PALLAN CELENDIN CAJAMARCA,-78.28244339,-6.72624062,590,1,6,CAJAMARCA,3,CELENDIN,12,LA LIBERTAD DE PALLAN,LA LIBERTAD DE PALLAN,60312,603,60312,35,LA LIBERTAD DE PALLAN,-6.708803299227402,-78.28608939873769,0.017814419312505943,499.0,2523.0,499.0,2523.0,499.0,2523.0
29,14958,26145,I-3,POLICLINICO DE ESPECIALIDADES MEDICAS SAN FERNANDO,CAJAMARCA,NO PERTENECE A NINGUNA RED,PASAJE JUAN XXIII 244   246 FRENTE A CAPILLA SANTA ROSA CHOTA CHOTA CAJAMARCA,-78.64573428,-6.56052723,591,1,6,CAJAMARCA,4,CHOTA,1,CHOTA,CHOTA,60401,604,60401,107,CHOTA,-6.559978310714595,-78.64275186422964,0.0030325098860829744,147.0,446.0,147.0,446.0,147.0,446.0
30,20300,4750,I-2,ANGUIA,CAJAMARCA,CHOTA,OTROS DISTRITO DE ANGUIA DISTRITO DE ANGUIA ANGUIA CHOTA CAJAMARCA,-78.60617513,-6.34102702,592,1,6,CAJAMARCA,4,CHOTA,2,ANGUIA,ANGUIA,60402,604,60402,17,ANGUIA,-6.337966578285939,-78.57580091635643,0.030528006124709885,537.0,3378.0,537.0,3378.0,537.0,3378.0
31,9885,4737,I-1,LA UNION,CAJAMARCA,CHOTA,OTROS COMUNIDAD LA UNIÓN DISTRITO CHADIN PROVINCIA CHOTA DEPARTAMENTO CAJAMARCA,-78.40786,-6.45139,593,1,6,CAJAMARCA,4,CHOTA,3,CHADIN,CHADIN,60403,604,60403,23,CHADIN,-6.439864212778357,-78.41279275671727,0.012536979696495268,519.0,2883.0,519.0,2883.0,519.0,2883.0
32,21965,4758,I-2,TUGUZA,CAJAMARCA,CHOTA,OTROS COMUNIDAD TUGUSA COMUNIDAD TUGUSA CHIGUIRIP CHOTA CAJAMARCA,-78.70047135,-6.43306323,594,1,6,CAJAMARCA,4,CHOTA,4,CHIGUIRIP,CHIGUIRIP,60404,604,60404,18,CHIGUIRIP,-6.42507988722172,-78.70803618399547,0.01099820327574421,450.0,2553.0,450.0,2553.0,450.0,2553.0
33,15624,4702,I-1,SAN JOSE DE CHIMBAN,CAJAMARCA,CHOTA,OTROS COMUNIDAD SAN JOSE DE CHIMBAN COMUNIDAD SAN JOSE DE CHIMBAN CHIMBAN CHOTA CAJAMARCA,-78.48150874,-6.29336733,595,1,6,CAJAMARCA,4,CHOTA,5,CHIMBAN,CHIMBAN,60405,604,60405,28,CHIMBAN,-6.28458920942883,-78.44814198981383,0.034502107453714716,1833.0,10128.0,1833.0,10128.0,1833.0,10128.0
34,9368,4740,I-1,MANGALPA,CAJAMARCA,CHOTA,OTROS COMUNIDAD MANGALPA DISTRITO CHOROPAMPA PROVINCIA CHOTA DEPARTAMENTO CAJAMARCA,-78.35963,-6.37859,596,1,6,CAJAMARCA,4,CHOTA,6,CHOROPAMPA,CHOROPAMPA,60406,604,60406,22,CHOROPAMPA,-6.370062989700249,-78.36904304935265,0.012701000069587472,28.0,279.0,28.0,279.0,28.0,279.0
35,22918,4698,I-1,SEGUES,CAJAMARCA,CHOTA,OTROS COMUNIDAD SEGUES COMUNIDAD SEGUES COCHABAMBA CHOTA CAJAMARCA,-78.82662,-6.47196,597,1,6,CAJAMARCA,4,CHOTA,7,COCHABAMBA,COCHABAMBA,60407,604,60407,35,COCHABAMBA,-6.483027838660707,-78.85225970740323,0.027926540214331018,715.0,4438.0,715.0,4438.0,715.0,4438.0
36,14323,4760,I-2,CHETILLA,CAJAMARCA,CHOTA,OTROS COMUNIDAD CHETILLA DISTRITO CONCHAN PROVINCIA CHOTA DEPARTAMENTO CAJAMARCA,-78.59686376,-6.47654758,598,1,6,CAJAMARCA,4,CHOTA,8,CONCHAN,CONCHAN,60408,604,60408,40,CONCHAN,-6.470609104117881,-78.60245166146207,0.00815414854857638,1985.0,12299.0,1985.0,12299.0,1985.0,12299.0
37,7779,4704,I-3,HUAMBOS,CAJAMARCA,CHOTA,OTROS DISTRITO HUAMBOS DISTRITO HUAMBOS HUAMBOS CHOTA CAJAMARCA,-78.96331205,-6.45221694,599,1,6,CAJAMARCA,4,CHOTA,9,HUAMBOS,HUAMBOS,60409,604,60409,57,HUAMBOS,-6.443692593489247,-78.97040145793493,0.011087118124345758,189.0,1069.0,189.0,1069.0,189.0,1069.0
38,10767,4685,I-1,LA SINRRA,CAJAMARCA,CHOTA,OTROS COMUNIDAD LA SINRRA DISTRITO LAJAS PROVINCIA CHOTA DEPARTAMENTO CAJAMARCA,-78.73645,-6.57357,600,1,6,CAJAMARCA,4,CHOTA,10,LAJAS,LAJAS,60410,604,60410,41,LAJAS,-6.574491015719826,-78.72756806509733,0.008929559763589858,887.0,4865.0,887.0,4865.0,887.0,4865.0
39,13902,4766,I-1,MAICHIL,CAJAMARCA,CHOTA,OTROS COMUNIDAD MAICHIL DISTRITO LLAMA PROVINCIA CHOTA DEPARTAMENTO CAJAMARCA,-79.18481411,-6.51372806,601,1,6,CAJAMARCA,4,CHOTA,11,LLAMA,LLAMA,60411,604,60411,86,LLAMA,-6.539008709903909,-79.17288948460461,0.027951886347516847,4248.0,36514.0,4248.0,36514.0,4248.0,36514.0
40,9203,4771,I-2,MIRACOSTA,CAJAMARCA,CHOTA,OTROS DISTRITO MIRACOSTA DISTRITO MIRACOSTA PROVINCIA CHOTA DEPARTAMENTO CAJAMARCA,-79.28471454,-6.40375901,602,1,6,CAJAMARCA,4,CHOTA,12,MIRACOSTA,MIRACOSTA,60412,604,60412,43,MIRACOSTA,-6.357816689554456,-79.30263128468026,0.04931233667003431,939.0,6477.0,939.0,6477.0,939.0,6477.0
41,25099,4732,I-1,UÑIGAN,CAJAMARCA,CHOTA,OTROS COMUNIDAD UÑIGAN DISTRITO PACCHA PROVINCIA CHOTA DEPARTAMENTO CAJAMARCA,-78.38988366,-6.5522287,603,1,6,CAJAMARCA,4,CHOTA,13,PACCHA,PACCHA,60413,604,60413,21,PACCHA,-6.533926043191311,-78.39807832082403,0.02005342146062741,532.0,3441.0,532.0,3441.0,532.0,3441.0
42,9251,4692,I-2,PION,CAJAMARCA,CHOTA,OTROS COMUNIDAD PION COMUNIDAD PION PION CHOTA CAJAMARCA,-78.481833,-6.178873,604,1,6,CAJAMARCA,4,CHOTA,14,PION,PION,60414,604,60414,14,PION,-6.18419525009336,-78.47818241083328,0.006453924954659194,158.0,770.0,158.0,770.0,158.0,770.0
43,26864,11327,I-1,PARAGUAY,CAJAMARCA,CHOTA,OTROS CENTRO POBLADO PARAGUAY CENTRO POBLADO PARAGUAY QUEROCOTO CHOTA CAJAMARCA,-79.07915777,-6.36131899,605,1,6,CAJAMARCA,4,CHOTA,15,QUEROCOTO,QUEROCOTO,60415,604,60415,53,QUEROCOTO,-6.352218191989084,-79.09294326718505,0.016518609417097964,824.0,5438.0,824.0,5438.0,824.0,5438.0
44,6846,6819,I-1,LAS PAMPAS,CAJAMARCA,CHOTA,OTROS COMUNIDAD LAS PAMPAS DISTRITO SAN JUAN DE LICUPIS PROVINCIA CHOTA DEPARTAMENTO CAJAMARCA,-79.25237124,-6.51230518,606,1,6,CAJAMARCA,4,CHOTA,16,SAN JUAN DE LICUPIS,LICUPIS,60416,604,60416,31,SAN JUAN DE LICUPIS,-6.484356711582533,-79.24551380101464,0.028777445270908447,731.0,4409.0,731.0,4409.0,731.0,4409.0
45,9252,4749,I-1,NUNGO,CAJAMARCA,CHOTA,OTROS COMUNIDAD NUNGO COMUNIDAD NUNGO TACABAMBA CHOTA CAJAMARCA,-78.54632,-6.39887,607,1,6,CAJAMARCA,4,CHOTA,17,TACABAMBA,TACABAMBA,60417,604,60417,71,TACABAMBA,-6.398356573617845,-78.5557038806839,0.009397915904047115,300.0,1693.0,300.0,1693.0,300.0,1693.0
46,21966,4781,I-3,TOCMOCHE,CAJAMARCA,CHOTA,OTROS DISTRITO TOCMOCHE DISTRITO TOCMOCHE TOCMOCHE CHOTA CAJAMARCA,-79.36030984,-6.41197944,608,1,6,CAJAMARCA,4,CHOTA,18,TOCMOCHE,TOCMOCHE,60418,604,60418,35,TOCMOCHE,-6.456833769681386,-79.37598617970025,0.047514824187447964,2913.0,17889.0,2913.0,17889.0,2913.0,17889.0
47,27251,4728,I-2,MASINTRANCA,CAJAMARCA,CHOTA,OTROS COMUNIDAD MASINTRANCA DISTRITO CHALAMARCA PROVINCIA CHOTA DEPARTAMENTO CAJAMARCA,-78.50506968,-6.52640318,609,1,6,CAJAMARCA,4,CHOTA,19,CHALAMARCA,CHALAMARCA,60419,604,60419,47,CHALAMARCA,-6.517607398542453,-78.49523805940689,0.013191911724081278,1452.0,10152.0,1452.0,10152.0,1452.0,10152.0
48,1451,10276,I-2,POSTA MEDICA ESSALUD CONTUMAZA,CAJAMARCA,NO PERTENECE A NINGUNA RED,JIRÓN JR. JOSE PARDO Nº 616 DISTRITO CONTUMAZA PROVINCIA CONTUMAZA DEPARTAMENTO CAJAMARCA,-78.80451335,-7.365567,610,1,6,CAJAMARCA,5,CONTUMAZA,1,CONTUMAZA,CONTUMAZA,60501,605,60501,119,CONTUMAZA,-7.334746134440747,-78.7367953933113,0.07440193150660603,1458.0,10904.0,1458.0,10904.0,1458.0,10904.0
49,21588,4538,I-4,DE APOYO CHILETE,CAJAMARCA,CONTUMAZA,JIRÓN JR. VICTOR RAUL HAYA DE LA TORRE 323 DISTRITO CHILETE PROVINCIA CONTUMAZA DEPARTAMENTO CAJAMARCA,-78.840105,-7.22042167,611,1,6,CAJAMARCA,5,CONTUMAZA,2,CHILETE,CHILETE,60502,605,60502,39,CHILETE,-7.256344097369151,-78.82166177374316,0.040380358874739286,834.0,6271.0,834.0,6271.0,834.0,6271.0
50,9248,4590,I-1,TRINIDAD,CAJAMARCA,CONTUMAZA,JIRÓN JR. CAJAMARCA Nº 131 DISTRITO CUPISNIQUE PROVINCIA CONTUMAZA DEPARTAMENTO CAJAMARCA,-79.0265153,-7.34802389,612,1,6,CAJAMARCA,5,CONTUMAZA,3,CUPISNIQUE,TRINIDAD,60503,605,60503,52,CUPISNIQUE,-7.373463162233786,-79.06656543590603,0.047446495738631723,1127.0,8941.0,1127.0,8941.0,1127.0,8941.0
51,5348,4554,I-2,TOTORILLAS,CAJAMARCA,CONTUMAZA,OTROS CASERIO DE TOTORILLAS DISTRITO GUZMANGO PROVINCIA CONTUMAZA DEPARTAMENTO CAJAMARCA,-78.93001098,-7.3534676,613,1,6,CAJAMARCA,5,CONTUMAZA,4,GUZMANGO,GUZMANGO,60504,605,60504,50,GUZMANGO,-7.364304037451185,-78.9176888857091,0.01640921644526284,201.0,1338.0,201.0,1338.0,201.0,1338.0
52,18118,4555,I-2,SAN BENITO,CAJAMARCA,CONTUMAZA,AVENIDA AV. ANDREZ ABELINO CACERES N° 151 DISTRITO SAN BENITO PROVINCIA CONTUMAZA DEPARTAMENTO CAJAMARCA,-78.92762956,-7.42775777,614,1,6,CAJAMARCA,5,CONTUMAZA,5,SAN BENITO,SAN BENITO,60505,605,60505,69,SAN BENITO,-7.502785547355022,-78.96231940728968,0.0826592576776267,1358.0,12216.0,1358.0,12216.0,1358.0,12216.0
53,3297,4549,I-2,SANTA CRUZ DE TOLEDO,CAJAMARCA,CONTUMAZA,JIRÓN JR.RICARDO PALMA S/N NÚMERO S/N DISTRITO SANTA CRUZ DE TOLED PROVINCIA CONTUMAZA DEPARTAMENTO CAJAMARCA,-78.83687594,-7.3452637,615,1,6,CAJAMARCA,5,CONTUMAZA,6,SANTA CRUZ DE TOLED,SANTA CRUZ DE TOLED,60506,605,60506,82,SANTA CRUZ DE TOLED,-7.327661926670727,-78.86339781991325,0.031831313803671615,3357.0,27523.0,3357.0,27523.0,3357.0,27523.0
54,7594,4544,I-2,CATÁN - TANTARICA,CAJAMARCA,CONTUMAZA,JIRÓN JR. RESTAURACION S/N NÚMERO S/N DISTRITO TANTARICA PROVINCIA CONTUMAZA DEPARTAMENTO CAJAMARCA,-78.93257437,-7.2999141,616,1,6,CAJAMARCA,5,CONTUMAZA,7,TANTARICA,CATAN,60507,605,60507,36,TANTARICA,-7.275309367839426,-78.94985074914202,0.030064366298865216,0.0,0.0,0.0,0.0,0.0,0.0
55,27812,10274,I-2,POSTA MEDICA TEMBLADERA,CAJAMARCA,NO PERTENECE A NINGUNA RED,JIRÓN JR. CAJAMARCA Nº 211 DISTRITO YONAN PROVINCIA CONTUMAZA DEPARTAMENTO CAJAMARCA,-79.1325135,-7.2536261,617,1,6,CAJAMARCA,5,CONTUMAZA,8,YONAN,TEMBLADERA,60508,605,60508,32,YONAN,-7.277622253053686,-79.16912177287334,0.04377192027024449,172.0,945.0,172.0,945.0,172.0,945.0
56,7630,6850,I-1,CONDAY,CAJAMARCA,CUTERVO,OTROS LOCALIDAD CONDAY LOCALIDAD CONDAY CUTERVO CUTERVO CAJAMARCA,-78.83738,-6.38125,618,1,6,CAJAMARCA,6,CUTERVO,1,CUTERVO,CUTERVO,60601,606,60601,141,CUTERVO,-6.380199143880152,-78.83300549536361,0.004498954256091237,49.0,366.0,49.0,366.0,49.0,366.0
57,8178,6830,I-1,FILADELFIA,CAJAMARCA,CUTERVO,OTROS COMUNIDAD DE FILADELFIA COMUNIDAD DE FILADELFIA CALLAYUC CUTERVO CAJAMARCA,-78.91688993,-6.13276821,619,1,6,CAJAMARCA,6,CUTERVO,2,CALLAYUC,CALLAYUC,60602,606,60602,69,CALLAYUC,-6.12740892029638,-78.93095194829469,0.015048665876005457,0.0,3.0,0.0,3.0,0.0,3.0
58,10930,4972,I-1,MESARRUME,CAJAMARCA,SOCOTA,OTROS COMUNIDAD MESARRUME COMUNIDAD MESARRUME CHOROS CUTERVO CAJAMARCA,-78.76281,-5.94732,620,1,6,CAJAMARCA,6,CUTERVO,3,CHOROS,CHOROS,60603,606,60603,34,CHOROS,-5.924614771976213,-78.77343762794727,0.02506938083395428,641.0,4482.0,641.0,4482.0,641.0,4482.0
59,2278,6959,I-1,CUNUAT,CAJAMARCA,SOCOTA,OTROS COMUNIDAD DE CUNUAT COMUNIDAD DE CUNUAT CUJILLO CUTERVO CAJAMARCA,-78.54462,-6.11962,621,1,6,CAJAMARCA,6,CUTERVO,4,CUJILLO,CUJILLO,60604,606,60604,22,CUJILLO,-6.116751622775737,-78.55885649264842,0.014522579344911413,43914.0,390663.0,43914.0,390663.0,43914.0,390663.0
60,13976,7179,I-1,CHACRERIAS,CAJAMARCA,SOCOTA,OTROS COMUNIDAD DE CHACRERIAS COMUNIDAD DE CHACRERIAS LA RAMADA CUTERVO CAJAMARCA,-78.57731333,-6.22945167,622,1,6,CAJAMARCA,6,CUTERVO,5,LA RAMADA,LA RAMADA,60605,606,60605,17,LA RAMADA,-6.230898091099231,-78.56969883536429,0.007750655620878396,27.0,201.0,27.0,201.0,27.0,201.0
61,6464,5012,I-3,PIMPINCOS,CAJAMARCA,SOCOTA,JIRÓN JR. COMERCIO S/N NÚMERO S/N DISTRITO PIMPINGOS PROVINCIA CUTERVO DEPARTAMENTO CAJAMARCA,-78.75668917,-6.06070669,623,1,6,CAJAMARCA,6,CUTERVO,6,PIMPINGOS,PIMPINGOS,60606,606,60606,36,PIMPINGOS,-6.07089520466843,-78.76829226789994,0.01544142843212104,487.0,2760.0,487.0,2760.0,487.0,2760.0
62,7190,5007,I-2,SANTA ROSA DE QUEROCOTILLO,CAJAMARCA,CUTERVO,OTROS LOCALIDAD SANTA ROSA LOCALIDAD SANTA ROSA QUEROCOTILLO CUTERVO CAJAMARCA,-79.08397231,-6.2160125,624,1,6,CAJAMARCA,6,CUTERVO,7,QUEROCOTILLO,QUEROCOTILLO,60607,606,60607,82,QUEROCOTILLO,-6.196787754579376,-79.09163350392943,0.020695041167202728,,,,,,
63,9776,5034,I-3,SAN ANDRES,CAJAMARCA,SOCOTA,CARRETERA CARRETERA SAN ANDRES-SOCOTA CARRETERA SAN ANDRES-SOCOTA SAN ANDRES DE CUTERVO CUTERVO CAJAMARCA,-78.70804708,-6.24053655,625,1,6,CAJAMARCA,6,CUTERVO,8,SAN ANDRES DE CUTERVO,SAN ANDRES DE CUTERVO,60608,606,60608,14,SAN ANDRES DE CUTERVO,-6.224067513358646,-78.7422789712748,0.037987518320416414,898.0,6348.0,898.0,6348.0,898.0,6348.0
64,26339,7103,I-1,SANTA ROSA DE SAN JUAN,CAJAMARCA,SOCOTA,OTROS COMUNIDAD DE SANTA ROSA COMUNIDAD DE SANTA ROSA SAN JUAN DE CUTERVO CUTERVO CAJAMARCA,-78.60362,-6.17102,626,1,6,CAJAMARCA,6,CUTERVO,9,SAN JUAN DE CUTERVO,SAN JUAN DE CUTERVO,60609,606,60609,23,SAN JUAN DE CUTERVO,-6.174218113399612,-78.60009249414134,0.004761431181874972,,,,,,
65,16451,6870,I-1,SANTA ROSA DEL TINGO,CAJAMARCA,SOCOTA,OTROS COMUNIDAD DE SANTA ROSA DEL TINGO DISTRITO SAN LUIS DE LUCMA PROVINCIA CUTERVO DEPARTAMENTO CAJAMARCA,-78.59764,-6.26656,627,1,6,CAJAMARCA,6,CUTERVO,10,SAN LUIS DE LUCMA,SAN LUIS DE LUCMA,60610,606,60610,19,SAN LUIS DE LUCMA,-6.279101100284,-78.57875268121131,0.022671788799271342,842.0,5807.0,842.0,5807.0,842.0,5807.0
66,12290,4977,I-3,SANTA CRUZ DE CUTERVO,CAJAMARCA,CUTERVO,OTROS DISTRITO SANTA CRUZ DE CUTERVO DISTRITO SANTA CRUZ DE CUTERVO SANTA CRUZ CUTERVO CAJAMARCA,-78.85337426,-6.09494906,628,1,6,CAJAMARCA,6,CUTERVO,11,SANTA CRUZ,SANTA CRUZ,60611,606,60611,47,SANTA CRUZ,-6.1063391889743,-78.84144753098579,0.016491873848338154,512.0,3142.0,512.0,3142.0,512.0,3142.0
67,15497,5005,I-1,SANTA ROSA DE LA CAPILLA,CAJAMARCA,CUTERVO,OTROS COMUNIDAD DE SANTA ROSA DE LA CAPILLA COMUNIDAD DE SANTA ROSA DE LA CAPILLA SANTO DOMINGO DE LA CAPILLA CUTERVO CAJAMARCA,-78.8399451,-6.27235831,629,1,6,CAJAMARCA,6,CUTERVO,12,SANTO DOMINGO DE LA CAPILLA,SANTO DOMINGO DE LA CAPILLA,60612,606,60612,28,SANTO DOMINGO DE LA CAPILLA,-6.257949078684879,-78.84272293558155,0.014674546589616444,499.0,5553.0,499.0,5553.0,499.0,5553.0
68,16458,7750,I-1,TAYALES,CAJAMARCA,SOCOTA,OTROS COMUNIDAD DE TAYALES COMUNIDAD DE TAYALES SANTO TOMAS CUTERVO CAJAMARCA,-78.65473339,-6.11793846,630,1,6,CAJAMARCA,6,CUTERVO,13,SANTO TOMAS,SANTO TOMAS,60613,606,60613,40,SANTO TOMAS,-6.118075749420057,-78.67710453728564,0.022371568547167844,1261.0,7850.0,1261.0,7850.0,1261.0,7850.0
69,8592,6937,I-1,MINAS DE SOCOTA,CAJAMARCA,SOCOTA,OTROS COMUNIDAD DE MINAS COMUNIDAD DE MINAS SOCOTA CUTERVO CAJAMARCA,-78.69043,-6.29289,631,1,6,CAJAMARCA,6,CUTERVO,14,SOCOTA,SOCOTA,60614,606,60614,37,SOCOTA,-6.287362417254426,-78.69671913212724,0.008373013431435728,61.0,563.0,61.0,563.0,61.0,563.0
70,15498,5019,I-3,LA SACILIA,CAJAMARCA,SOCOTA,OTROS DISTRITO LA SACILIA DISTRITO LA SACILIA TORIBIO CASANOVA CUTERVO CAJAMARCA,-78.697265,-6.001959,632,1,6,CAJAMARCA,6,CUTERVO,15,TORIBIO CASANOVA,LA SACILIA,60615,606,60615,26,TORIBIO CASANOVA,-5.987986823734805,-78.69242406634012,0.014787033113002225,0.0,0.0,0.0,0.0,0.0,0.0
71,17685,6815,I-3,VIRGEN DEL CARMEN,CAJAMARCA,BAMBAMARCA,JIRÓN JR. AHAUALPA N° 221-BAMBAMARCA JR. AHAUALPA N° 221-BAMBAMARCA BAMBAMARCA HUALGAYOC CAJAMARCA,-78.5172716,-6.67878577,633,1,6,CAJAMARCA,7,HUALGAYOC,1,BAMBAMARCA,BAMBAMARCA,60701,607,60701,179,BAMBAMARCA,-6.69306296278482,-78.47949984132427,0.04037999488945736,2038.0,12119.0,2038.0,12119.0,2038.0,12119.0
72,13174,4804,I-1,PERLAMAYO,CAJAMARCA,BAMBAMARCA,OTROS COMUNIDAD PERLAMAYO DISTRITO CHUGUR PROVINCIA HUALGAYOC DEPARTAMENTO CAJAMARCA,-78.70348,-6.65466,634,1,6,CAJAMARCA,7,HUALGAYOC,2,CHUGUR,CHUGUR,60702,607,60702,17,CHUGUR,-6.685518797196959,-78.70768210400887,0.031143587502797693,2308.0,18140.0,2308.0,18140.0,2308.0,18140.0
73,19723,10270,I-2,POSTA MEDICA DE HUALGAYOC,CAJAMARCA,NO PERTENECE A NINGUNA RED,JIRÓN JR. EMILIO MONTOYA N° 120 DISTRITO HUALGAYOC PROVINCIA HUALGAYOC DEPARTAMENTO CAJAMARCA,-78.60712809,-6.7640298,635,1,6,CAJAMARCA,7,HUALGAYOC,3,HUALGAYOC,HUALGAYOC,60703,607,60703,48,HUALGAYOC,-6.75273178649143,-78.6002550951478,0.013224339963802775,269.0,1330.0,269.0,1330.0,269.0,1330.0
74,26418,4214,I-1,LAS NARANJAS,CAJAMARCA,JAEN,OTROS COMUNIDAD DE LAS NARANJAS COMUNIDAD DE LAS NARANJAS JAEN JAEN CAJAMARCA,-78.846347,-5.745295,636,1,6,CAJAMARCA,8,JAEN,1,JAEN,JAEN,60801,608,60801,108,JAEN,-5.770178526822774,-78.85255115664602,0.025645301067215315,1135.0,8159.0,1135.0,8159.0,1135.0,8159.0
75,24900,4230,I-1,SAN AUGUSTIN,CAJAMARCA,JAEN,CALLE CALLE IVA S/N S/N CALLE IVA S/N BELLAVISTA JAEN CAJAMARCA,-78.79384,-5.58596,637,1,6,CAJAMARCA,8,JAEN,2,BELLAVISTA,BELLAVISTA,60802,608,60802,77,BELLAVISTA,-5.564668861888495,-78.74262548286006,0.05546385605022747,410.0,4864.0,410.0,4864.0,410.0,4864.0
76,17284,4233,I-2,PACHAPIRIANA,CAJAMARCA,JAEN,OTROS COMUNIDAD DE PACHAPIRIANA COMUNIDAD DE PACHAPIRIANA CHONTALI JAEN CAJAMARCA,-79.12639667,-5.64022668,638,1,6,CAJAMARCA,8,JAEN,3,CHONTALI,CHONTALI,60803,608,60803,56,CHONTALI,-5.633938366176614,-79.1333554620538,0.009379108571145253,,,,,,
77,1918,7017,I-2,AHUYACA,CAJAMARCA,JAEN,OTROS C.P AHUYACA C.P AHUYACA COLASAY JAEN CAJAMARCA,-79.00256579,-5.93504498,639,1,6,CAJAMARCA,8,JAEN,4,COLASAY,COLASAY,60804,608,60804,122,COLASAY,-5.901052025899031,-78.97945638518134,0.0411043248282182,8717.0,84789.0,8717.0,84789.0,8717.0,84789.0
78,11525,4241,I-3,HUABAL,CAJAMARCA,JAEN,OTROS COMUNIDAD DE HUABAL COMUNIDAD DE HUABAL HUABAL JAEN CAJAMARCA,-78.89963505,-5.61213259,640,1,6,CAJAMARCA,8,JAEN,5,HUABAL,HUABAL,60805,608,60805,30,HUABAL,-5.604925456320518,-78.90585415967001,0.009519459068748326,267.0,2074.0,267.0,2074.0,267.0,2074.0
79,13022,4245,I-3,LAS PIRIAS DE JAEN,CAJAMARCA,JAEN,PLAZA PLAZA DE ARMAS PIRIAS S/N S/N PLAZA DE ARMAS PIRIAS S/N LAS PIRIAS JAEN CAJAMARCA,-78.8524157,-5.62707293,641,1,6,CAJAMARCA,8,JAEN,6,LAS PIRIAS,LAS PIRIAS,60806,608,60806,38,LAS PIRIAS,-5.636341962042768,-78.84958991537201,0.009690201946999434,255.0,1582.0,255.0,1582.0,255.0,1582.0
80,11210,7166,I-1,MANGAYPA,CAJAMARCA,JAEN,OTROS C.P. MANGAYPA C.P. MANGAYPA POMAHUACA JAEN CAJAMARCA,-79.17677956,-5.87976212,642,1,6,CAJAMARCA,8,JAEN,7,POMAHUACA,POMAHUACA,60807,608,60807,81,POMAHUACA,-5.8753999738952,-79.19500591545217,0.018741087260575554,9186.0,102991.0,9186.0,102991.0,9186.0,102991.0
81,19490,16704,SD,POSTA MÉDICA DE PUCARÁ,CAJAMARCA,NO PERTENECE A NINGUNA RED,CALLE CALLE SAN MARTÍN S/N PUCARÁ S/N CALLE SAN MARTÍN S/N PUCARÁ PUCARA JAEN CAJAMARCA,-79.1297751,-6.0418671,643,1,6,CAJAMARCA,8,JAEN,8,PUCARA,PUCARA,60808,608,60808,30,PUCARA,-6.039986978158075,-79.12365551040568,0.006401893074973436,188.0,1021.0,188.0,1021.0,188.0,1021.0
82,13169,4250,I-3,SALLIQUE,CAJAMARCA,JAEN,CALLE CALLE ALFONSO UGARTE S/N S/N CALLE ALFONSO UGARTE S/N SALLIQUE JAEN CAJAMARCA,-79.31577965,-5.65620348,644,1,6,CAJAMARCA,8,JAEN,9,SALLIQUE,SALLIQUE,60809,608,60809,110,SALLIQUE,-5.625686059091744,-79.31242741575443,0.030700984566115207,,,,,,
83,21403,4254,I-3,SAN FELIPE,CAJAMARCA,JAEN,OTROS COMUNIDAD SAN FELIPE COMUNIDAD SAN FELIPE SAN FELIPE JAEN CAJAMARCA,-79.31283463,-5.77025781,645,1,6,CAJAMARCA,8,JAEN,10,SAN FELIPE,SAN FELIPE,60810,608,60810,84,SAN FELIPE,-5.786477227250232,-79.31021142229889,0.01643017694914574,355.0,2192.0,355.0,2192.0,355.0,2192.0
84,7480,13058,I-1,SAN PEDRO,CAJAMARCA,JAEN,OTROS CASERIO SAN PEDRO CASERIO SAN PEDRO SAN JOSE DEL ALTO JAEN CAJAMARCA,-79.03845599,-5.54900682,646,1,6,CAJAMARCA,8,JAEN,11,SAN JOSE DEL ALTO,SAN JOSE DEL ALTO,60811,608,60811,47,SAN JOSE DEL ALTO,-5.517367642855747,-79.05506108087833,0.035731870556170824,,,,,,
85,14785,4262,I-3,PUENTECILLOS,CAJAMARCA,JAEN,CARRETERA CARRETERA SANTA ROSA CARRETERA SANTA ROSA SANTA ROSA JAEN CAJAMARCA,-78.58698,-5.41009,647,1,6,CAJAMARCA,8,JAEN,12,SANTA ROSA,SANTA ROSA,60812,608,60812,78,SANTA ROSA,-5.427733348514218,-78.60084336623758,0.02243837494631945,28.0,115.0,28.0,115.0,28.0,115.0
86,10759,4267,I-4,SAN IGNACIO,CAJAMARCA,SAN IGNACIO,AVENIDA AV. ABELARDO QUIÑONES S/N NÚMERO S/N DISTRITO SAN IGNACIO PROVINCIA SAN IGNACIO DEPARTAMENTO CAJAMARCA,-79.003002,-5.14467,648,1,6,CAJAMARCA,9,SAN IGNACIO,1,SAN IGNACIO,SAN IGNACIO,60901,609,60901,99,SAN IGNACIO,-5.140405077923568,-79.00789460996974,0.006490546404892929,204.0,1026.0,204.0,1026.0,204.0,1026.0
87,10916,4274,I-3,CHIRINOS,CAJAMARCA,SAN IGNACIO,OTROS ALTO PERU S/N NÚMERO S/N DISTRITO CHIRINOS PROVINCIA SAN IGNACIO DEPARTAMENTO CAJAMARCA,-78.90172426,-5.30277342,649,1,6,CAJAMARCA,9,SAN IGNACIO,2,CHIRINOS,CHIRINOS,60902,609,60902,84,CHIRINOS,-5.307553228839856,-78.88245718685589,0.019851112817319033,241.0,1490.0,241.0,1490.0,241.0,1490.0
88,12206,4284,I-3,EL PORVENIR DE HUARANGO,CAJAMARCA,SAN IGNACIO,OTROS DISTRITO EL HUARANGO DISTRITO EL HUARANGO HUARANGO SAN IGNACIO CAJAMARCA,-78.75058,-5.16398,650,1,6,CAJAMARCA,9,SAN IGNACIO,3,HUARANGO,HUARANGO,60903,609,60903,96,HUARANGO,-5.09652405211401,-78.71529057820497,0.07612915470320675,,,,,,
89,21404,4290,I-3,RUMIPITE,CAJAMARCA,SAN IGNACIO,OTROS COMUNIDAD DE RUMIPITE COMUNIDAD DE RUMIPITE LA COIPA SAN IGNACIO CAJAMARCA,-78.97517,-5.38766,651,1,6,CAJAMARCA,9,SAN IGNACIO,4,LA COIPA,LA COIPA,60904,609,60904,98,LA COIPA,-5.38963741943043,-78.97348368601949,0.002598815584976921,0.0,0.0,0.0,0.0,0.0,0.0
90,13502,7016,I-2,PAMPA VERDE,CAJAMARCA,SAN IGNACIO,OTROS PAMPA VERDE DISTRITO NAMBALLE PROVINCIA SAN IGNACIO DEPARTAMENTO CAJAMARCA,-79.17658,-5.08898,652,1,6,CAJAMARCA,9,SAN IGNACIO,5,NAMBALLE,NAMBALLE,60905,609,60905,52,NAMBALLE,-5.107316398456057,-79.18098681854407,0.018858514204984876,,,,,,
91,9442,4308,I-1,DIAMANTE,CAJAMARCA,SAN IGNACIO,OTROS COMUNIDAD EL DIAMANTE DISTRITO SAN JOSE DE LOURDES PROVINCIA SAN IGNACIO DEPARTAMENTO CAJAMARCA,-78.90137,-4.92764,653,1,6,CAJAMARCA,9,SAN IGNACIO,6,SAN JOSE DE LOURDES,SAN JOSE DE LOURDES,60906,609,60906,83,SAN JOSE DE LOURDES,-4.915990503475814,-78.83184908839714,0.07049019732814203,,,,,,
92,19446,4311,I-3,TAMBORAPA PUEBLO,CAJAMARCA,SAN IGNACIO,AVENIDA AV. GRAU S/N S/N AV. GRAU S/N TABACONAS SAN IGNACIO CAJAMARCA,-79.15838419,-5.29116357,654,1,6,CAJAMARCA,9,SAN IGNACIO,7,TABACONAS,TABACONAS,60907,609,60907,91,TABACONAS,-5.324338543193906,-79.21511925434639,0.06572249518090967,1397.0,8015.0,1397.0,8015.0,1397.0,8015.0
93,23556,28974,I-3,CENTRO MEDICO SAN MARCOS TU SALUD EN NUESTRAS MANOS EIRL,CAJAMARCA,NO PERTENECE A NINGUNA RED,JIRÓN INCLAN NÚMERO 124 PISO 1 DISTRITO PEDRO GALVEZ PROVINCIA SAN MARCOS DEPARTAMENTO CAJAMARCA,-78.1706939,-7.332226,655,1,6,CAJAMARCA,10,SAN MARCOS,1,PEDRO GALVEZ,SAN MARCOS,61001,610,61001,58,PEDRO GALVEZ,-7.329158689680376,-78.17123693582491,0.0031150089091366946,175.0,999.0,175.0,999.0,175.0,999.0
94,9785,29005,I-1,CONSULTORIO ODONTOLOGICO SAN MARCOS,CAJAMARCA,NO PERTENECE A NINGUNA RED,JIRÓN LUNA NÚMERO 346 PISO 1 DISTRITO PEDRO GALVEZ PROVINCIA SAN MARCOS DEPARTAMENTO CAJAMARCA,-78.1706939,-7.332226,655,1,6,CAJAMARCA,10,SAN MARCOS,1,PEDRO GALVEZ,SAN MARCOS,61001,610,61001,58,PEDRO GALVEZ,-7.329158689680376,-78.17123693582491,0.0031150089091366946,175.0,999.0,175.0,999.0,175.0,999.0
95,9767,4491,I-1,PUESTO DE SALUD CHANCAY,CAJAMARCA,SAN MARCOS,AVENIDA AV. CHANCAY S/N NÚMERO S/N DISTRITO CHANCAY PROVINCIA SAN MARCOS DEPARTAMENTO CAJAMARCA,-78.12366049,-7.39182615,656,1,6,CAJAMARCA,10,SAN MARCOS,2,CHANCAY,CHANCAY,61002,610,61002,22,CHANCAY,-7.409440519501964,-78.11730721333672,0.018725120488585233,707.0,8218.0,707.0,8218.0,707.0,8218.0
96,11529,4492,I-2,LA GRAMA,CAJAMARCA,SAN MARCOS,AVENIDA AV. FUJIMURI S/N NÚMERO S/N DISTRITO EDUARDO VILLANUEVA PROVINCIA SAN MARCOS DEPARTAMENTO CAJAMARCA,-78.12878775,-7.46432594,657,1,6,CAJAMARCA,10,SAN MARCOS,3,EDUARDO VILLANUEVA,LA GRAMA,61003,610,61003,11,EDUARDO VILLANUEVA,-7.441246652965817,-78.14339863956327,0.02731540927455326,1265.0,9072.0,1265.0,9072.0,1265.0,9072.0
97,5345,4503,I-1,PUESTO DE SALUD ULLILLIN,CAJAMARCA,SAN MARCOS,OTROS LOCALIDAD ULLILLIN DISTRITO GREGORIO PITA PROVINCIA SAN MARCOS DEPARTAMENTO CAJAMARCA,-78.13598169,-7.25759535,658,1,6,CAJAMARCA,10,SAN MARCOS,4,GREGORIO PITA,PAUCAMARCA,61004,610,61004,53,GREGORIO PITA,-7.222072177482906,-78.161240434848,0.04358784207753,1001.0,6556.0,1001.0,6556.0,1001.0,6556.0
98,12163,4490,I-1,PUESTO DE SALUD POMARONGO,CAJAMARCA,SAN MARCOS,OTROS CAMINO REAL S/N NÚMERO S/N DISTRITO CHANCAY PROVINCIA SAN MARCOS DEPARTAMENTO CAJAMARCA,-78.06887621,-7.41290977,656,1,6,CAJAMARCA,10,SAN MARCOS,5,ICHOCAN,ICHOCAN,61005,610,61005,15,ICHOCAN,-7.406084236084644,-78.05979325503557,0.011361689316095403,167.0,1098.0,167.0,1098.0,167.0,1098.0
99,17648,4494,I-2,PUESTO DE SALUD SHIRAC,CAJAMARCA,SAN MARCOS,JIRÓN JR. 11 DE DICIEMBRE S/N S/N JR. 11 DE DICIEMBRE S/N JOSE MANUEL QUIROZ SAN MARCOS CAJAMARCA,-78.0465152,-7.34880313,660,1,6,CAJAMARCA,10,SAN MARCOS,6,JOSE MANUEL QUIROZ,SHIRAC,61006,610,61006,66,JOSE MANUEL QUIROZ,-7.35601711617239,-78.02097097011375,0.026543347132135547,1475.0,11231.0,1475.0,11231.0,1475.0,11231.0
100,16413,4498,I-2,LICLICONGA,CAJAMARCA,SAN MARCOS,OTROS CENTRO POBLADO LICLICONGA S/N NÚMERO S/N DISTRITO JOSE SABOGAL PROVINCIA SAN MARCOS DEPARTAMENTO CAJAMARCA,-77.91045089,-7.27189469,661,1,6,CAJAMARCA,10,SAN MARCOS,7,JOSE SABOGAL,VENECIA,61007,610,61007,82,JOSE SABOGAL,-7.226790322303838,-77.96818616001592,0.07326503524247238,1129.0,7380.0,1129.0,7380.0,1129.0,7380.0
101,3003,4574,I-1,TAYAPAMPA,CAJAMARCA,SAN MIGUEL,OTROS LOCALIDAD TAYAPAMPA DISTRITO SAN MIGUEL PROVINCIA SAN MIGUEL DEPARTAMENTO CAJAMARCA,-78.89912,-7.09990667,662,1,6,CAJAMARCA,11,SAN MIGUEL,1,SAN MIGUEL,SAN MIGUEL DE PALLAQUES,61101,611,61101,68,SAN MIGUEL,-7.077477931138254,-78.92235563378821,0.03229462810543883,1487.0,9087.0,1487.0,9087.0,1487.0,9087.0
102,23150,4534,I-2,BOLIVAR,CAJAMARCA,SAN MIGUEL,AVENIDA AV. 26 DE DICIEMBRE S/N -  BOLIVAR NÚMERO S/N DISTRITO BOLIVAR PROVINCIA SAN MIGUEL DEPARTAMENTO CAJAMARCA,-79.1791,-6.97723,663,1,6,CAJAMARCA,11,SAN MIGUEL,2,BOLIVAR,BOLIVAR,61102,611,61102,30,BOLIVAR,-6.975911467344069,-79.16248594340846,0.016666295472959013,208.0,1486.0,208.0,1486.0,208.0,1486.0
103,23151,4570,I-1,TAULIS,CAJAMARCA,SAN MIGUEL,OTROS LOCALIDAD TAULIS DISTRITO CALQUIS PROVINCIA SAN MIGUEL DEPARTAMENTO CAJAMARCA,-78.98910379,-6.93800848,664,1,6,CAJAMARCA,11,SAN MIGUEL,3,CALQUIS,CALQUIS,61103,611,61103,24,CALQUIS,-6.913739691961161,-78.9531112880556,0.04341007105605998,1087.0,4525.0,1087.0,4525.0,1087.0,4525.0
104,21589,4606,I-1,QUILCATE ALTO,CAJAMARCA,SAN MIGUEL,OTROS CPM QUILCATE ALTO CPM QUILCATE ALTO CATILLUC SAN MIGUEL CAJAMARCA,-78.7313,-6.81692,665,1,6,CAJAMARCA,11,SAN MIGUEL,4,CATILLUC,CATILLUC,61104,611,61104,23,CATILLUC,-6.8042771604382,-78.73384164479626,0.012895788089749088,339.0,2372.0,339.0,2372.0,339.0,2372.0
105,21765,4575,I-2,EL PRADO,CAJAMARCA,SAN MIGUEL,DISTRITO EL PRADO,-79.00941,-7.033193,666,1,6,CAJAMARCA,11,SAN MIGUEL,5,EL PRADO,EL PRADO,61105,611,61105,15,EL PRADO,-7.038039308001461,-79.00331840461457,0.007784229928823551,396.0,2605.0,396.0,2605.0,396.0,2605.0
106,12164,4556,I-3,LA FLORIDA,CAJAMARCA,SAN MIGUEL,OTROS DISTRITO LA FLORIDA DISTRITO LA FLORIDA PROVINCIA SAN MIGUEL DEPARTAMENTO CAJAMARCA,-79.12444358,-6.87032866,667,1,6,CAJAMARCA,11,SAN MIGUEL,6,LA FLORIDA,LA FLORIDA,61106,611,61106,28,LA FLORIDA,-6.868881427325543,-79.14883383226443,0.02443315141229834,628.0,5644.0,628.0,5644.0,628.0,5644.0
107,1346,7083,I-1,PABELLON CHICO,CAJAMARCA,SAN MIGUEL,OTROS COMUNIDAD PABELLON CHICO DISTRITO LLAPA PROVINCIA SAN MIGUEL DEPARTAMENTO CAJAMARCA,-78.75323,-6.89316,668,1,6,CAJAMARCA,11,SAN MIGUEL,7,LLAPA,LLAPA,61107,611,61107,27,LLAPA,-6.891368966467351,-78.74868872486786,0.004881698571283515,0.0,0.0,0.0,0.0,0.0,0.0
108,16073,4532,I-3,NANCHOC,CAJAMARCA,SAN MIGUEL,OTROS DISTRITO DE NANCHOC DISTRITO NANCHOC PROVINCIA SAN MIGUEL DEPARTAMENTO CAJAMARCA,-79.24141148,-6.95981345,669,1,6,CAJAMARCA,11,SAN MIGUEL,8,NANCHOC,NANCHOC,61108,611,61108,39,NANCHOC,-7.00851074303496,-79.24777398372792,0.04911117798038065,180.0,2258.0,180.0,2258.0,180.0,2258.0
109,7184,4557,I-2,NIEPOS,CAJAMARCA,SAN MIGUEL,OTROS DISTRITO NIEPOS DISTRITO NIEPOS PROVINCIA SAN MIGUEL DEPARTAMENTO CAJAMARCA,-79.12840201,-6.9267286,670,1,6,CAJAMARCA,11,SAN MIGUEL,9,NIEPOS,NIEPOS,61109,611,61109,41,NIEPOS,-6.926717799126992,-79.13143524251483,0.0030332517448839152,75.0,337.0,75.0,337.0,75.0,337.0
110,13171,4535,I-1,EL SAUCE,CAJAMARCA,SAN MIGUEL,OTROS LOCALIDAD EL SAUCE DISTRITO SAN GREGORIO PROVINCIA SAN MIGUEL DEPARTAMENTO CAJAMARCA,-79.12735,-7.06395,671,1,6,CAJAMARCA,11,SAN MIGUEL,10,SAN GREGORIO,SAN GREGORIO,61110,611,61110,48,SAN GREGORIO,-7.117978014363154,-79.16096822944561,0.063633416434156,1505.0,9749.0,1505.0,9749.0,1505.0,9749.0
111,23288,4566,I-1,TANTACHUAL BAJO,CAJAMARCA,SAN MIGUEL,OTROS CASERIO TANTACHUAL BAJO DISTRITO SAN SILVESTRE DE COCHAN PROVINCIA SAN MIGUEL DEPARTAMENTO CAJAMARCA,-78.69851,-6.93277,672,1,6,CAJAMARCA,11,SAN MIGUEL,11,SAN SILVESTRE DE COCHAN,SAN SILVESTRE DE COCHAN,61111,611,61111,34,SAN SILVESTRE DE COCHAN,-6.931431002406688,-78.7252617863822,0.02678527560422143,721.0,5017.0,721.0,5017.0,721.0,5017.0
112,25096,4607,I-3,TONGOD,CAJAMARCA,SAN MIGUEL,OTROS URB. EL CARMEN S/N NÚMERO S/N DISTRITO TONGOD PROVINCIA SAN MIGUEL DEPARTAMENTO CAJAMARCA,-78.82383,-6.76306,673,1,6,CAJAMARCA,11,SAN MIGUEL,12,TONGOD,TONGOD,61112,611,61112,24,TONGOD,-6.788161271933613,-78.83354722256809,0.026916505477548123,409.0,2309.0,409.0,2309.0,409.0,2309.0
113,16369,4543,I-1,LIVES,CAJAMARCA,SAN MIGUEL,JIRÓN JR. CHEPEN S/N NÚMERO S/N DISTRITO UNION AGUA BLANCA PROVINCIA SAN MIGUEL DEPARTAMENTO CAJAMARCA,-79.0414859,-7.08044523,674,1,6,CAJAMARCA,11,SAN MIGUEL,13,UNION AGUA BLANCA,AGUA BLANCA,61113,611,61113,32,UNION AGUA BLANCA,-7.118897786310705,-79.05419583150723,0.04049865980185624,246.0,2070.0,246.0,2070.0,246.0,2070.0
114,21963,4581,I-2,SANTA ROSA DE UNANCA,CAJAMARCA,SAN PABLO,OTROS LOCALIDAD SANTA ROSA DE UNANCA DISTRITO SAN PABLO PROVINCIA SAN PABLO DEPARTAMENTO CAJAMARCA,-78.78178041,-7.08410971,675,1,6,CAJAMARCA,12,SAN PABLO,1,SAN PABLO,SAN PABLO,61201,612,61201,48,SAN PABLO,-7.086013887615922,-78.78578175939919,0.004431330433106165,77.0,516.0,77.0,516.0,77.0,516.0
115,14321,4579,I-1,POLAN,CAJAMARCA,SAN PABLO,OTROS LOCALIDAD DE POLAN DISTRITO SAN BERNARDINO PROVINCIA SAN PABLO DEPARTAMENTO CAJAMARCA,-78.76941805,-7.15555602,676,1,6,CAJAMARCA,12,SAN PABLO,2,SAN BERNARDINO,SAN BERNARDINO,61202,612,61202,26,SAN BERNARDINO,-7.174980674339086,-78.78564955844057,0.02531361417200702,4435.0,29982.0,4435.0,29982.0,4435.0,29982.0
116,5349,4585,I-1,SAN LUIS BAJO - GRANDE,CAJAMARCA,SAN PABLO,JIRÓN JR. LIMA S/N NÚMERO S/N DISTRITO SAN LUIS PROVINCIA SAN PABLO DEPARTAMENTO CAJAMARCA,-78.8690618,-7.1566476,677,1,6,CAJAMARCA,12,SAN PABLO,3,SAN LUIS,SAN LUIS GRANDE,61203,612,61203,9,SAN LUIS,-7.159045931055743,-78.8730841197766,0.004683059709019587,0.0,0.0,0.0,0.0,0.0,0.0
117,5766,4610,I-1,EL REGALADO,CAJAMARCA,SAN PABLO,OTROS COMUNIDAD EL REGALADO DISTRITO TUMBADEN PROVINCIA SAN PABLO DEPARTAMENTO CAJAMARCA,-78.67149,-6.95964,678,1,6,CAJAMARCA,12,SAN PABLO,4,TUMBADEN,TUMBADEN,61204,612,61204,21,TUMBADEN,-6.987533031711155,-78.67619782431038,0.028287538383125456,330.0,3080.0,330.0,3080.0,330.0,3080.0
118,19454,4813,I-4,SANTA CRUZ,CAJAMARCA,SANTA CRUZ,AVENIDA AV. ZARUMILLA S/N NÚMERO S/N DISTRITO SANTA CRUZ PROVINCIA SANTA CRUZ DEPARTAMENTO CAJAMARCA,-78.943336,-6.630679,679,1,6,CAJAMARCA,13,SANTA CRUZ,1,SANTA CRUZ,SANTA CRUZ DE SUCCHABAMBA,61301,613,61301,52,SANTA CRUZ,-6.627556466156622,-78.94191466046652,0.0034308051055795415,90.0,453.0,90.0,453.0,90.0,453.0
119,10078,4818,I-2,ANDABAMBA,CAJAMARCA,SANTA CRUZ,OTROS COMUNIDAD ANDABAMBA DISTRITO ANDABAMBA PROVINCIA SANTA CRUZ DEPARTAMENTO CAJAMARCA,-78.81947,-6.66291,680,1,6,CAJAMARCA,13,SANTA CRUZ,2,ANDABAMBA,ANDABAMBA,61302,613,61302,11,ANDABAMBA,-6.664009037035801,-78.80972226391866,0.009809497495665353,973.0,5489.0,973.0,5489.0,973.0,5489.0
120,19453,4777,I-1,MACUACO,CAJAMARCA,SANTA CRUZ,OTROS COMUNIDAD MACUACO DISTRITO CATACHE PROVINCIA SANTA CRUZ DEPARTAMENTO CAJAMARCA,-79.04854,-6.75689,681,1,6,CAJAMARCA,13,SANTA CRUZ,3,CATACHE,CATACHE,61303,613,61303,80,CATACHE,-6.749358435052559,-79.07690654224525,0.029349364379985452,,,,,,
121,8900,4824,I-1,BAÑOS CHANCAY,CAJAMARCA,SANTA CRUZ,OTROS COMUNIDAD BAÑOS CHANCAY DISTRITO CHANCAYBAÑOS PROVINCIA SANTA CRUZ DEPARTAMENTO CAJAMARCA,-78.88959899,-6.55025775,682,1,6,CAJAMARCA,13,SANTA CRUZ,4,CHANCAYBAÑOS,CHANCAYBAÑOS,61304,613,61304,34,CHANCAYBAÑOS,-6.555963298481807,-78.87793669351107,0.012983159972586015,742.0,4862.0,742.0,4862.0,742.0,4862.0
122,9451,4827,I-1,MIRAFLORES,CAJAMARCA,SANTA CRUZ,OTROS COMUNIDAD MIRAFLORES DISTRITO LA ESPERANZA PROVINCIA SANTA CRUZ DEPARTAMENTO CAJAMARCA,-78.8365381,-6.60928969,683,1,6,CAJAMARCA,13,SANTA CRUZ,5,LA ESPERANZA,LA ESPERANZA,61305,613,61305,33,LA ESPERANZA,-6.62091640748167,-78.85937972057158,0.025630454341168923,870.0,5397.0,870.0,5397.0,870.0,5397.0
123,15528,6841,I-1,ACHIRAMAYO,CAJAMARCA,SANTA CRUZ,OTROS COMUNIDAD ACHIRAMAYO DISTRITO NINABAMBA PROVINCIA SANTA CRUZ DEPARTAMENTO CAJAMARCA,-78.76768,-6.67817,684,1,6,CAJAMARCA,13,SANTA CRUZ,6,NINABAMBA,NINABAMBA,61306,613,61306,15,NINABAMBA,-6.695731296328825,-78.76868982762464,0.01759030643793053,8106.0,47634.0,8106.0,47634.0,8106.0,47634.0
124,24910,4830,I-3,PULAN,CAJAMARCA,SANTA CRUZ,OTROS GNRL. CABREJOS S/N NÚMERO S/N DISTRITO PULAN PROVINCIA SANTA CRUZ DEPARTAMENTO CAJAMARCA,-78.92323,-6.73994,685,1,6,CAJAMARCA,13,SANTA CRUZ,7,PULAN,PULAN,61307,613,61307,31,PULAN,-6.746564193315141,-78.92116181232358,0.006939548785136702,281.0,1371.0,281.0,1371.0,281.0,1371.0
125,18932,4833,I-2,SAUCEPAMPA,CAJAMARCA,SANTA CRUZ,OTROS CALL. 17 DE JULIO DISTRITO SAUCEPAMPA PROVINCIA SANTA CRUZ DEPARTAMENTO CAJAMARCA,-78.916056,-6.69143542,686,1,6,CAJAMARCA,13,SANTA CRUZ,8,SAUCEPAMPA,SAUCEPAMPA,61308,613,61308,10,SAUCEPAMPA,-6.682860526811872,-78.9084686522991,0.011449744028668348,253.0,1740.0,253.0,1740.0,253.0,1740.0
126,5471,4710,I-1,SEXI,CAJAMARCA,SANTA CRUZ,CALLE CALLE EL PROGRESO S/N NÚMERO S/N DISTRITO SEXI PROVINCIA SANTA CRUZ DEPARTAMENTO CAJAMARCA,-79.05109564,-6.56318719,687,1,6,CAJAMARCA,13,SANTA CRUZ,9,SEXI,SEXI,61309,613,61309,35,SEXI,-6.585582547393862,-79.0363532251021,0.026812139597960555,190.0,1546.0,190.0,1546.0,190.0,1546.0
127,22920,4834,I-2,UTICYACU,CAJAMARCA,SANTA CRUZ,OTROS DISTRITO UTICYACU DISTRITO UTICYACU PROVINCIA SANTA CRUZ DEPARTAMENTO CAJAMARCA,-78.79456398,-6.60602069,688,1,6,CAJAMARCA,13,SANTA CRUZ,10,UTICYACU,UTICYACU,61310,613,61310,10,UTICYACU,-6.614700237533157,-78.79053750141917,0.009568023575550436,230.0,1486.0,230.0,1486.0,230.0,1486.0
128,5353,4836,I-1,PUCHUDEN,CAJAMARCA,SANTA CRUZ,OTROS COMUNIDAD PUCHUDEN COMUNIDAD PUCHUDEN YAUYUCAN SANTA CRUZ CAJAMARCA,-78.85784368,-6.69074851,689,1,6,CAJAMARCA,13,SANTA CRUZ,11,YAUYUCAN,YAUYUCAN,61311,613,61311,18,YAUYUCAN,-6.682859653400819,-78.84943957704252,0.011526621576265836,302.0,2194.0,302.0,2194.0,302.0,2194.0
129,21617,4552,I-2,JAGUEY,CAJAMARCA,CONTUMAZA,AVENIDA AV. CAJAMARCA S/N NÚMERO S/N DISTRITO SAN BENITO PROVINCIA CONTUMAZA DEPARTAMENTO CAJAMARCA,-78.94018339,-7.61443072,614,1,13,LA LIBERTAD,11,GRAN CHIMU,1,CASCAS,CASCAS,131101,1311,131101,150,CASCAS,-7.501507538534319,-78.76394795430816,0.209309755400513,9186.0,102991.0,9186.0,102991.0,9186.0,102991.0
