Unnamed: 0,N°,UNIVERSIDAD,DEPARTAMENTO,PROVINCIA,DISPOSITIVO LEGAL DE CREACIÓN,FECHA DE CREACIÓN,DISPOSITIVO LEGAL DE LICENCIAMIENTO,FECHA DE PUB. DIARIO EL PERUANO,TIPO,DISPOSITIVO LEGAL DE LICENCIAMIENTO O DENEGATORIA,CONDICIÓN JURÍDICA,DIRECCION,latitude,longitude
0,1,Universidad Nacional Mayor de San Marcos,Lima,Lima,Real Cédula de Fundación,12/05/1551,Res. N° 036-2018-SUNEDU/CD,04/04/2018,Universidad publica,,,Universidad Nacional Mayor de San Marcos Lima Lima,-12.0561578,-77.0845196
1,2,Universidad Nacional de San Cristóbal de Huamanga,Ayacucho,Huamanga,Ley N° 12828,03/07/1677,Res. N° 050-2018-SUNEDU/CD,01/06/2018,Universidad publica,,,Universidad Nacional de San Cristóbal de Huamanga Ayacucho Huamanga,-13.1612479,-74.2257722
2,3,Universidad Nacional de San Antonio Abad del Cusco,Cusco,Cusco,Real Cédula de Fundación,01/06/1692,Res. N° 059-2019-SUNEDU/CD,04/05/2019,Universidad publica,,,Universidad Nacional de San Antonio Abad del Cusco Cusco Cusco,-13.52193,-71.9583208
3,4,Universidad Nacional de Trujillo,La Libertad,Trujillo,Decreto Directoral,10/05/1824,Res. N° 127-2018-SUNEDU/CD,20/09/2018,Universidad publica,,,Universidad Nacional de Trujillo La Libertad Trujillo,-8.1150074,-79.03830479999999
4,5,Universidad Nacional de San Agustín de Arequipa,Arequipa,Arequipa,Acta de Instalación,11/11/1828,Res. N° 098-2018-SUNEDU/CD,27/08/2018,Universidad publica,,,Universidad Nacional de San Agustín de Arequipa Arequipa Arequipa,-16.3971385,-71.5371437
5,6,Universidad Nacional de Ingeniería,Lima,Lima,Ley N° 12379,19/07/1955,Res. N° 073-2017-SUNEDU/CD,28/11/2017,Universidad publica,,,Universidad Nacional de Ingeniería Lima Lima,-12.0231787,-77.04763009999999
6,7,Universidad Nacional Agraria La Molina,Lima,Lima,Ley N° 13417,08/04/1960,Res. N° 011-2017-SUNEDU/CD,20/03/2017,Universidad publica,,,Universidad Nacional Agraria La Molina Lima Lima,-12.0817493,-76.9431895
7,8,Universidad Nacional San Luis Gonzaga,Ica,Ica,Ley N° 12495,20/12/1955,,,Universidad publica,,,Universidad Nacional San Luis Gonzaga Ica Ica,-14.0871322,-75.7335148
8,9,Universidad Nacional del Centro del Perú,Junín,Huancayo,Ley N° 13827,02/01/1962,Res. N° 022-2019-SUNEDU/CD,01/03/2019,Universidad publica,,,Universidad Nacional del Centro del Perú Junín Huancayo,-12.0330575,-75.23735669999999
9,10,Universidad Nacional de la Amazonía Peruana,Loreto,Maynas,Ley N° 13498,14/01/1961,Res. N° 012-2019-SUNEDU/CD,01/02/2019,Universidad publica,,,Universidad Nacional de la Amazonía Peruana Loreto Maynas,-3.7459891,-73.24569939999999
10,11,Universidad Nacional del Altiplano,Puno,Puno,Ley N° 13516,10/02/1961,Res. N° 101-2017-SUNEDU/CD,30/12/2017,Universidad publica,,,Universidad Nacional del Altiplano Puno Puno,-15.8243805,-70.0162544
11,12,Universidad Nacional de Piura,Piura,Piura,Ley N° 13531,03/03/1961,Res. N° 058-2019-SUNEDU/CD,07/05/2019,Universidad publica,,,Universidad Nacional de Piura Piura Piura,-5.179310999999999,-80.6188325
12,13,Universidad Nacional de Cajamarca,Cajamarca,Cajamarca,Ley N° 14015,13/02/1962,Res. N° 080-2018-SUNEDU/CD,17/07/2018,Universidad publica,,,Universidad Nacional de Cajamarca Cajamarca Cajamarca,-7.167159,-78.4965043
13,14,Universidad Nacional Federico Villarreal,Lima,Lima,Ley N° 14692,30/10/1963,,,Universidad publica,,,Universidad Nacional Federico Villarreal Lima Lima,-12.0475555,-77.0404519
14,15,Universidad Nacional Agraria de la Selva,Huánuco,Leoncio Prado,Ley N° 14912,20/02/1964,Res. N° 114-2019-SUNEDU/CD,29/08/2019,Universidad publica,,,Universidad Nacional Agraria de la Selva Huánuco Leoncio Prado,-9.3140208,-75.9966689
15,16,Universidad Nacional Hermilio Valdizán de Huánuco,Huánuco,Huánuco,Ley N° 14915,20/02/1964,Res. N° 099-2019-SUNEDU/CD,26/07/2019,Universidad publica,,,Universidad Nacional Hermilio Valdizán de Huánuco Huánuco Huánuco,-9.9492894,-76.2503248
16,17,Universidad Nacional de Educación Enrique Guzmán y Valle,Lima,Lima,Ley N° 15519,07/04/1965,,,Universidad publica,,,Universidad Nacional de Educación Enrique Guzmán y Valle Lima Lima,-12.0663015,-76.9537651
17,18,Universidad Nacional Daniel Alcides Carrión,Pasco,Pasco,Ley N° 15527,23/04/1965,Res. N° 111-2019-SUNEDU/CD,22/08/2019,Universidad publica,,,Universidad Nacional Daniel Alcides Carrión Pasco Pasco,-10.668422,-76.254234
18,19,Universidad Nacional del Callao,Callao,Callao,Ley N° 16225,02/09/1966,,,Universidad publica,,,Universidad Nacional del Callao Callao Callao,-12.0613052,-77.11724869999999
19,20,Universidad Nacional José Faustino Sánchez Carrión,Lima,Huaura,Decreto Ley N° 17358,31/12/1968,,,Universidad publica,,,Universidad Nacional José Faustino Sánchez Carrión Lima Huaura,-11.1239202,-77.60824649999999
20,21,Universidad Nacional Pedro Ruiz Gallo,Lambayeque,Lambayeque,Decreto Ley N° 18179,17/03/1970,,,Universidad publica,,,Universidad Nacional Pedro Ruiz Gallo Lambayeque Lambayeque,-6.7077407,-79.9042231
21,22,Universidad Nacional Jorge Basadre Grohmann,Tacna,Tacna,Decreto Ley N° 18942,26/08/1971,Res. N° 056-2018-SUNEDU/CD,13/06/2018,Universidad publica,,,Universidad Nacional Jorge Basadre Grohmann Tacna Tacna,-18.0249985,-70.2505346
22,23,Universidad Nacional Santiago Antúnez de Mayolo,Ancash,Huaraz,Decreto Ley N° 21856,24/05/1977,Res. N° 173-2018-SUNEDU/CD,01/01/2018,Universidad publica,,,Universidad Nacional Santiago Antúnez de Mayolo Ancash Huaraz,-9.5212334,-77.5287365
23,24,Universidad Nacional de San Martín,San Martín,San Martín,Decreto Ley N° 22803,18/12/1979,Res. N° 055-2019-SUNEDU/CD,01/05/2019,Universidad publica,,,Universidad Nacional de San Martín San Martín San Martín,-34.5789316,-58.526188
24,25,Universidad Nacional de Ucayali,Ucayali,Coronel Portillo,Decreto Ley N° 22804,18/12/1979,Res. N° 149-2018-SUNEDU/CD,15/11/2018,Universidad publica,,,Universidad Nacional de Ucayali Ucayali Coronel Portillo,-8.3949316,-74.5776011
25,26,Universidad Nacional de Tumbes,Tumbes,Tumbes,Ley N° 23881,23/06/1984,,,Universidad publica,,,Universidad Nacional de Tumbes Tumbes Tumbes,-3.585267,-80.443305
26,27,Universidad Nacional del Santa,Ancash,Santa,Ley N° 24035,20/12/1984,Res. N° 028-2019-SUNEDU/CD,12/03/2019,Universidad publica,,,Universidad Nacional del Santa Ancash Santa,-9.120889499999999,-78.5133316
27,28,Universidad Nacional de Huancavelica,Huancavelica,Huancavelica,Ley N° 25265,20/06/1990,Res. N° 086-2019-SUNEDU/CD,03/07/2019,Universidad publica,,,Universidad Nacional de Huancavelica Huancavelica Huancavelica,-12.7781213,-74.9614419
28,29,Universidad Nacional Amazónica de Madre de Dios,Madre De Dios,Tambopata,Ley N° 27297,06/07/2000,,,Universidad publica,,,Universidad Nacional Amazónica de Madre de Dios Madre De Dios Tambopata,-12.5885658,-69.2095274
29,30,Universidad Nacional Toribio Rodríguez de Mendoza de Amazonas,Amazonas,Chachapoyas,Ley N° 27347,19/09/2000,Res. N° 033-2017-SUNEDU/CD,17/09/2017,Universidad publica,,,Universidad Nacional Toribio Rodríguez de Mendoza de Amazonas Amazonas Chachapoyas,-6.233540899999999,-77.8531651
30,31,Universidad Nacional Micaela Bastidas de Apurímac,Apurímac,Abancay,Ley N° 27348,27/09/2000,,,Universidad publica,,,Universidad Nacional Micaela Bastidas de Apurímac Apurímac Abancay,-13.6175533,-72.8681635
31,32,Universidad Nacional Intercultural de la Amazonía,Ucayali,Coronel Portillo,Ley N° 27250,05/01/2000,Res. N° 131-2018-SUNEDU/CD,27/09/2018,Universidad publica,,,Universidad Nacional Intercultural de la Amazonía Ucayali Coronel Portillo,-8.3478339,-74.5906663
32,33,Universidad Nacional Tecnológica de Lima Sur (*1),Lima,Lima,Ley N° 27413,01/02/2001,Res. N° 059-2018-SUNEDU/CD,21/06/2018,Universidad publica,,,Universidad Nacional Tecnológica de Lima Sur (*1) Lima Lima,-12.2142873,-76.932559
33,34,Universidad Nacional José María Arguedas,Apurímac,Andahuaylas,Ley N° 28372,01/11/2004,Res. N° 035-2017-SUNEDU/CD,02/10/2017,Universidad publica,,,Universidad Nacional José María Arguedas Apurímac Andahuaylas,-13.6572948,-73.3879058
34,35,Universidad Nacional de Moquegua,Moquegua,Mariscal Nieto,Ley N° 28520,24/05/2005,Res. N° 103-2017-SUNEDU/CD,06/01/2018,Universidad publica,,,Universidad Nacional de Moquegua Moquegua Mariscal Nieto,-17.190051,-70.93658599999999
35,36,Universidad Nacional de Juliaca,Puno,San Román,Ley N° 29074,25/07/2007,Res. N° 097-2018-SUNEDU/CD,26/08/2018,Universidad publica,,,Universidad Nacional de Juliaca Puno San Román,-15.4881271,-70.1497667
36,37,Universidad Nacional de Jaén,Cajamarca,Jaén,Ley N° 29304,20/12/2008,Res. N° 002-2018-SUNEDU/CD,14/01/2018,Universidad publica,,,Universidad Nacional de Jaén Cajamarca Jaén,-5.7084515,-78.8079421
37,38,Universidad Nacional de Frontera,Piura,Sullana,Ley N° 29568,06/08/2010,Res. N° 086-2019-SUNEDU/CD,06/04/2019,Universidad publica,,,Universidad Nacional de Frontera Piura Sullana,-4.909966,-80.72844239999999
38,39,Universidad Nacional Autónoma de Chota,Cajamarca,Chota,Ley N° 29531,12/05/2010,Res. N° 160-2018-SUNEDU/CD,08/12/2018,Universidad publica,,,Universidad Nacional Autónoma de Chota Cajamarca Chota,-6.555663699999999,-78.6381006
39,40,Universidad Nacional de Barranca,Lima,Barranca,Ley N° 29553,07/07/2010,Res. N° 047-2018-SUNEDU/CD,24/05/2018,Universidad publica,,,Universidad Nacional de Barranca Lima Barranca,-10.7543083,-77.7582582
40,41,Universidad Nacional de Cañete,Lima,Cañete,Ley N° 29488,23/12/2009,Res. N° 116-2018-SUNEDU/CD,12/09/2018,Universidad publica,,,Universidad Nacional de Cañete Lima Cañete,-13.0731392,-76.3678583
41,42,Universidad Nacional Intercultural Fabiola Salazar Leguía de Bagua,Amazonas,Bagua,Ley N° 29614,18/11/2010,Res. N° 095-2018-SUNEDU/CD,"14,/08/018",Universidad publica,,,Universidad Nacional Intercultural Fabiola Salazar Leguía de Bagua Amazonas Bagua,-5.631812099999999,-78.5351621
42,43,Universidad Nacional Intercultural de la Selva Central Juan Santos Atahualpa,Junín,Chanchamayo,Ley N° 29616,19/11/2010,Res. N° 033-2018-SUNEDU/CD,23/03/2018,Universidad publica,,,Universidad Nacional Intercultural de la Selva Central Juan Santos Atahualpa Junín Chanchamayo,-10.92725,-74.87096149999999
43,44,Universidad Nacional Intercultural de Quillabamba,Cusco,La Convención,Ley N° 29620,01/12/2010,Res. N° 085-2019-SUNEDU/CD,02/07/2019,Universidad publica,,,Universidad Nacional Intercultural de Quillabamba Cusco La Convención,-12.8568505,-72.6917239
44,45,Universidad Nacional Autónoma de Alto Amazonas,Loreto,Alto Amazonas,Ley N° 29649,11/01/2011,Res. N° 062-2018-SUNEDU/CD,29/06/2018,Universidad publica,,,Universidad Nacional Autónoma de Alto Amazonas Loreto Alto Amazonas,-5.897501099999999,-76.1287931
45,46,Universidad Nacional Autónoma Altoandina de Tarma,Junín,Tarma,Ley N° 29652,14/01/2011,Res. N° 142-2018-SUNEDU/CD,19/10/2018,Universidad publica,,,Universidad Nacional Autónoma Altoandina de Tarma Junín Tarma,-11.4199899,-75.6892578
46,47,Universidad Nacional Autónoma de Huanta,Ayacucho,Huanta,Ley N° 29658,28/01/2011,Res. N° 014-2017-SUNEDU/CD,19/04/2017,Universidad publica,,,Universidad Nacional Autónoma de Huanta Ayacucho Huanta,-12.9399318,-74.2436828
47,48,Universidad Nacional Tecnológica de San Juan de Lurigancho,Lima,Lima,Ley N° 29659,28/01/2011,,,Universidad publica,,,Universidad Nacional Tecnológica de San Juan de Lurigancho Lima Lima,-11.9833053,-77.0094738
48,49,Universidad Autónoma Municipal de Los Olivos,Lima,Lima,Ley N° 29668,10/03/2011,,,Universidad publica,,,Universidad Autónoma Municipal de Los Olivos Lima Lima,-12.0003522,-77.08339029999999
49,50,Universidad Nacional Autónoma de Tayacaja Daniel Hernández Morillo,Huancavelica,Tayacaja,Ley N° 29716,23/06/2011,Res. N° 016-2019-SUNEDU/CD,15/02/2019,Universidad publica,,,Universidad Nacional Autónoma de Tayacaja Daniel Hernández Morillo Huancavelica Tayacaja,-12.3606436,-74.8379163
50,51,Universidad Nacional Ciro Alegría,La Libertad,Sanchez Carrión,Ley N° 29756,17/07/2011,,,Universidad publica,,,Universidad Nacional Ciro Alegría La Libertad Sanchez Carrión,-7.816460999999999,-78.0452048
0,1,Pontificia Universidad Católica del Perú,Lima,Lima,Decreto Supremo,24/03/1917,,06/07/2016,Universidad privada,Res. N° 025-2016-SUNEDU/CD,Asociativa,Pontificia Universidad Católica del Perú Lima Lima,-12.069512,-77.0793592
1,2,Universidad Peruana Cayetano Heredia,Lima,Lima,Decreto Supremo N° 18,22/09/1961,,27/07/2016,Universidad privada,Res. N° 029-2016-SUNEDU/CD,Asociativa,Universidad Peruana Cayetano Heredia Lima Lima,-12.0239773,-77.0565049
2,3,Universidad Católica de Santa María,Arequipa,Arequipa,Decreto Supremo N° 24,06/12/1961,,31/12/2017,Universidad privada,Res. N° 102-2017-SUNEDU/CD,Asociativa,Universidad Católica de Santa María Arequipa Arequipa,-16.4061786,-71.5476298
3,4,Universidad del Pacífico,Lima,Lima,Decreto Supremo N° 08,28/02/1962,,27/07/2016,Universidad privada,Res. N° 030-2016-SUNEDU/CD,Asociativa,Universidad del Pacífico Lima Lima,-12.0837969,-77.048806
4,5,Universidad de Lima,Lima,Lima,Decreto Supremo N° 23,25/04/1962,,12/07/2016,Universidad privada,Res. N° 027-2016-SUNEDU/CD,Asociativa,Universidad de Lima Lima Lima,-12.0847243,-76.9710095
5,6,Universidad de San Martín de Porres,Lima,Lima,Decreto Supremo N° 26,17/05/1962,,11/08/2017,Universidad privada,Res. N° 024-2017-SUNEDU/CD,Asociativa,Universidad de San Martín de Porres Lima Lima,-12.1050193,-77.01736660000002
6,7,Universidad Femenina del Sagrado Corazón,Lima,Lima,Decreto Supremo N° 71,24/12/1962,,15/12/2016,Universidad privada,Res. N° 039-2016-SUNEDU/CD,Asociativa,Universidad Femenina del Sagrado Corazón Lima Lima,-12.0716313,-76.9650529
7,8,Universidad Inca Garcilaso de la Vega,Lima,Lima,Decreto Supremo N° 74,21/12/1964,,,Universidad privada,,Asociativa,Universidad Inca Garcilaso de la Vega Lima Lima,-12.0608746,-77.0392569
8,9,Universidad de Piura,Piura,Piura,Ley N° 17040,02/06/1968,,27/01/2017,Universidad privada,Res. N° 003-2017-SUNEDU/CD,Asociativa,Universidad de Piura Piura Piura,-5.1766923,-80.6346434
9,10,Universidad Ricardo Palma,Lima,Lima,Decreto Ley N° 17723,01/07/1969,,31/12/2016,Universidad privada,Res. N° 040-2016-SUNEDU/CD,Asociativa,Universidad Ricardo Palma Lima Lima,-12.1318477,-76.9796467
10,11,Universidad Andina Néstor Cáceres Velásquez,Puno,San Román,Ley N° 23738,29/12/1983,,,Universidad privada,,Asociativa,Universidad Andina Néstor Cáceres Velásquez Puno San Román,-15.532748,-70.118667
11,12,Universidad Peruana Los Andes,Junín,Huancayo,Ley N° 23757,30/12/1983,,,Universidad privada,,Asociativa,Universidad Peruana Los Andes Junín Huancayo,-12.0400383,-75.1924434
12,13,Universidad Peruana Unión,Lima,Lima,Ley N° 23758,30/12/1983,,07/06/2018,Universidad privada,Res. N° 054-2018-SUNEDU/CD,Asociativa,Universidad Peruana Unión Lima Lima,-11.989087,-76.83966199999999
13,14,Universidad Andina del Cusco,Cusco,Cusco,Ley N° 23837,23/05/1984,,23/12/2017,Universidad privada,Res. N° 098-2017-SUNEDU/CD,Asociativa,Universidad Andina del Cusco Cusco Cusco,-13.5375735,-71.9038466
14,15,Universidad Tecnológica de los Andes,Apurímac,Abancay,Ley N° 23852,07/06/1984,,,Universidad privada,,Asociativa,Universidad Tecnológica de los Andes Apurímac Abancay,-13.6323333,-72.8871776
15,16,Universidad Privada de Tacna,Tacna,Tacna,Ley N° 24060,09/01/1985,,30/11/2017,Universidad privada,Res. N° 074-2017-SUNEDU/CD,Asociativa,Universidad Privada de Tacna Tacna Tacna,-18.0048523,-70.22611719999999
16,17,Universidad Particular de Chiclayo,Lambayeque,Chiclayo,Ley N° 24086,11/01/1985,,25/07/2019,Universidad privada,Res. N° 098-2019-SUNEDU/CD,Asociativa,Universidad Particular de Chiclayo Lambayeque Chiclayo,-6.7917517,-79.88073779999999
17,18,Universidad San Pedro (*1),Ancash,Santa,Ley N° 24871,25/06/1988,,,Universidad privada,,Asociativa,Universidad San Pedro (*1) Ancash Santa,-9.0532681,-78.5907465
18,19,Universidad Privada Antenor Orrego,La Libertad,Trujillo,Ley N° 24879,27/07/1988,,29/03/2018,Universidad privada,Res. N° 035-2018-SUNEDU/CD,Asociativa,Universidad Privada Antenor Orrego La Libertad Trujillo,-8.1269948,-79.0314248
19,20,Universidad de Huánuco,Huánuco,Huánuco,Ley N° 25049,20/06/1989,,06/06/2019,Universidad privada,Res. N° 076-2019-SUNEDU/CD,Asociativa,Universidad de Huánuco Huánuco Huánuco,-9.9284112,-76.2371722
20,21,Universidad José Carlos Mariátegui (*2),Moquegua,Mariscal Nieto,Ley N° 25153,24/12/1989,,,Universidad privada,,Asociativa,Universidad José Carlos Mariátegui (*2) Moquegua Mariscal Nieto,-17.1900294,-70.9423867
21,22,Universidad Marcelino Champagnat,Lima,Lima,Ley N° 25180,05/01/1990,,12/10/2017,Universidad privada,Res. N° 041-2017-SUNEDU/CD,Asociativa,Universidad Marcelino Champagnat Lima Lima,-12.13674,-77.00605639999999
22,23,Universidad Científica del Perú (*3),Loreto,Maynas,Ley N° 25213,29/05/1990,,,Universidad privada,,Asociativa,Universidad Científica del Perú (*3) Loreto Maynas,-3.7694078,-73.2820646
23,24,Universidad César Vallejo S.A.C.,La Libertad,Trujillo,Ley N° 25350,12/11/1991,,12/06/2019,Universidad privada,Res. N° 077-2019-SUNEDU/CD,Societaria,Universidad César Vallejo S.A.C. La Libertad Trujillo,-8.1293904,-79.0433213
24,25,Universidad Católica Los Ángeles de Chimbote (*4),Ancash,Santa,Ley N° 24163,10/06/1985,,,Universidad privada,,Asociativa,Universidad Católica Los Ángeles de Chimbote (*4) Ancash Santa,-9.0784016,-78.5889924
25,26,Universidad Peruana de Ciencias Aplicadas S.A.C.,Lima,Lima,Ley N° 26276,03/01/1994,,06/10/2017,Universidad privada,Res. N° 037-2017-SUNEDU/CD,Societaria,Universidad Peruana de Ciencias Aplicadas S.A.C. Lima Lima,-12.104061,-76.962902
26,27,Universidad Privada del Norte S.A.C.,La Libertad,Trujillo,Ley N° 26275,03/01/1994,,11/11/2017,Universidad privada,Res. N° 062-2017-SUNEDU/CD,Societaria,Universidad Privada del Norte S.A.C. La Libertad Trujillo,-8.099882,-79.01906369999999
27,28,Universidad San Ignacio de Loyola S.A.,Lima,Lima,Res. N° 060-95-CONAFU,07/12/1995,,08/10/2017,Universidad privada,Res. N° 039-2017-SUNEDU/CD,Societaria,Universidad San Ignacio de Loyola S.A. Lima Lima,-12.0733251,-76.95194459999999
28,29,Universidad Alas Peruanas,Lima,Lima,Res. N° 102-96-CONAFU,26/04/1996,,,Universidad privada,,Societaria,Universidad Alas Peruanas Lima Lima,-12.0814023,-77.0467478
29,30,Universidad Privada Norbert Wiener,Lima,Lima,Res. N° 177-96-CONAFU,09/12/1996,,,Universidad privada,,Societaria,Universidad Privada Norbert Wiener Lima Lima,-12.0688186,-77.036985
30,31,Universidad Católica San Pablo,Arequipa,Arequipa,Res. N° 190-97-CONAFU,10/01/1997,,22/10/2017,Universidad privada,Res. N° 042-2017-SUNEDU/CD,Asociativa,Universidad Católica San Pablo Arequipa Arequipa,-16.3900752,-71.5354639
31,32,Grupo Educativo Universidad Privada de Ica S.A.C. (*5 *13),Ica,Ica,Res. N° 222-97-CONAFU,19/03/1997,,,Universidad privada,,Societaria,Grupo Educativo Universidad Privada de Ica S.A.C. (*5 *13) Ica Ica,-14.0767574,-75.73588579999999
32,33,Universidad Privada San Juan Bautista S.A.C. (*6),Lima,Lima,Res. N° 224-97-CONAFU,19/03/1997,,,Universidad privada,,Societaria,Universidad Privada San Juan Bautista S.A.C. (*6) Lima Lima,-11.9888573,-77.060934
33,34,Universidad Tecnológica del Perú,Lima,Lima,Res. N° 278-97-CONAFU,08/09/1997,,13/06/2019,Universidad privada,Res. N° 081-2019-SUNEDU/CD,Societaria,Universidad Tecnológica del Perú Lima Lima,-12.0642955,-77.0369772
34,35,Universidad Continental S.A.C. (*7),Junín,Huancayo,Res. N° 429-98-CONAFU,30/06/1998,,11/08/2018,Universidad privada,Res. N° 094-2018-SUNEDU/CD,Societaria,Universidad Continental S.A.C. (*7) Junín Huancayo,-12.0476664,-75.1987032
35,36,Universidad Científica del Sur S.A.C.,Lima,Lima,Res. N° 356-98-CONAFU,05/02/1998,,02/05/2018,Universidad privada,Res. N° 039-2018-SUNEDU/CD,Societaria,Universidad Científica del Sur S.A.C. Lima Lima,-12.2216386,-76.9767202
36,37,Universidad Católica Santo Toribio de Mogrovejo,Lambayeque,Chiclayo,Res. N° 474-98-CONAFU,14/10/1998,,22/03/2018,Universidad privada,Res. N° 031-2018-SUNEDU/CD,Asociativa,Universidad Católica Santo Toribio de Mogrovejo Lambayeque Chiclayo,-6.7603743,-79.86303319999999
37,38,Universidad Privada Antonio Guillermo Urrelo,Cajamarca,Cajamarca,Res. N° 490-98-CONAFU,19/11/1998,,,Universidad privada,,Societaria,Universidad Privada Antonio Guillermo Urrelo Cajamarca Cajamarca,-7.171680299999999,-78.501215
38,39,Universidad Católica Sedes Sapientiae,Lima,Lima,Res. N° 688-99-CONAFU,27/12/1999,,13/09/2018,Universidad privada,Res. N° 117-2018-SUNEDU/CD,Asociativa,Universidad Católica Sedes Sapientiae Lima Lima,-11.9953135,-77.0672307
39,40,Universidad Señor de Sipán,Lambayeque,Chiclayo,Res. N° 575-99-CONAFU,05/07/1999,,,Universidad privada,,Societaria,Universidad Señor de Sipán Lambayeque Chiclayo,-6.7950553,-79.88521779999999
40,41,Universidad Católica de Trujillo Benedicto XVI (*8),La Libertad,Trujillo,Res. N° 147-2000-CONAFU,13/11/2000,,21/02/2019,Universidad privada,Res. N° 018-2019-SUNEDU/CD,Asociativa,Universidad Católica de Trujillo Benedicto XVI (*8) La Libertad Trujillo,-8.1602468,-79.0111745
41,42,Universidad Peruana de las Américas,Lima,Lima,Res. N° 199-2002-CONAFU,14/08/2002,,,Universidad privada,,Societaria,Universidad Peruana de las Américas Lima Lima,-12.0631513,-77.0378175
42,43,Universidad ESAN,Lima,Lima,Ley N° 28021,10/07/2003,,10/04/2018,Universidad privada,Res. N° 038-2018-SUNEDU/CD,Asociativa,Universidad ESAN Lima Lima,,
43,44,Universidad Antonio Ruiz de Montoya,Lima,Lima,Res. N° 055-2003-CONAFU,05/03/2003,,03/06/2017,Universidad privada,Res. N° 018-2017-SUNEDU/CD,Asociativa,Universidad Antonio Ruiz de Montoya Lima Lima,-12.0701332,-77.05902850000001
44,45,Universidad Peruana de Ciencias e Informática,Lima,Lima,Res. N° 167-2002-CONAFU,19/07/2002,,,Universidad privada,,Societaria,Universidad Peruana de Ciencias e Informática Lima Lima,-12.0721316,-77.0420936
45,46,Universidad para el Desarrollo Andino,Huancavelica,Angaraes,Res. N° 148-2002-CONAFU,12/06/2002,,28/09/2016,Universidad privada,Res. N° 034-2016-SUNEDU/CD,Asociativa,Universidad para el Desarrollo Andino Huancavelica Angaraes,-12.9875657,-74.721313
46,47,Universidad Privada Telesup,Lima,Lima,Res. N° 037-2004-CONAFU,19/02/2004,,30/05/2019,Universidad privada,Res. N° 068-2019-SUNEDU/CD,Societaria,Universidad Privada Telesup Lima Lima,-12.0640089,-77.0345749
47,48,Universidad Sergio Bernales S.A.,Lima,Cañete,Res. N° 171-2002-CONAFU,26/07/2002,,05/04/2019,Universidad privada,Res. N° 044-2019-SUNEDU/CD,Societaria,Universidad Sergio Bernales S.A. Lima Cañete,-13.0731319,-76.3678548
48,49,Universidad Privada de Pucallpa S.A.C.,Ucayali,Coronel Portillo,Res. N° 093-2005-CONAFU,15/03/2005,,09/08/2019,Universidad privada,Res. N° 106-2019-SUNEDU/CD,Societaria,Universidad Privada de Pucallpa S.A.C. Ucayali Coronel Portillo,-8.388075299999999,-74.5313108
49,50,Universidad Autónoma de Ica S.A.C. (*9),Ica,Chincha,Res. N° 136-2006-CONAFU,29/05/2006,,,Universidad privada,,Societaria,Universidad Autónoma de Ica S.A.C. (*9) Ica Chincha,-13.4156394,-76.1286726
50,51,Universidad Privada de Trujillo,La Libertad,Trujillo,Res. N° 510-2011-CONAFU,06/10/2011,,,Universidad privada,,Asociativa,Universidad Privada de Trujillo La Libertad Trujillo,-8.1080914,-78.99443049999999
51,52,Universidad Privada San Carlos,Puno,Puno,Res. N° 354-2006-CONAFU,25/10/2006,,,Universidad privada,,Societaria,Universidad Privada San Carlos Puno Puno,-15.8395008,-70.0295166
52,53,Universidad Peruana Simón Bolivar,Lima,Lima,Res. N° 349-2006-CONAFU,25/10/2006,,22/02/2019,Universidad privada,Res. N° 019-2019-SUNEDU/CD,Societaria,Universidad Peruana Simón Bolivar Lima Lima,-12.0714689,-77.0510524
53,54,Universidad Peruana de Integración Global S.A.C.,Lima,Lima,Res. N° 099-2007-CONAFU,29/03/2007,,30/10/2018,Universidad privada,Res. N° 146-2018-SUNEDU/CD,Societaria,Universidad Peruana de Integración Global S.A.C. Lima Lima,-12.134611,-76.979023
54,55,Universidad Peruana del Oriente S.A.C.,Loreto,Maynas,Res. N° 405-2006-CONAFU,15/12/2006,,,Universidad privada,,Societaria,Universidad Peruana del Oriente S.A.C. Loreto Maynas,-3.772631,-73.282986
55,56,Universidad Autónoma del Perú,Lima,Lima,Res. N° 335-2007-CONAFU,12/12/2007,,29/07/2018,Universidad privada,Res. N° 083-2018-SUNEDU/CD,Societaria,Universidad Autónoma del Perú Lima Lima,-12.195444,-76.9719561
56,57,Universidad de Ciencias y Humanidades,Lima,Lima,Res. N° 411-2006-CONAFU,15/12/2006,,21/11/2017,Universidad privada,Res. N° 071-2017-SUNEDU/CD,Asociativa,Universidad de Ciencias y Humanidades Lima Lima,-11.9615097,-77.0655921
57,58,Universidad Privada Juan Mejía Baca,Lambayeque,Chiclayo,Res. N° 522-2008-CONAFU,19/12/2008,,,Universidad privada,,Societaria,Universidad Privada Juan Mejía Baca Lambayeque Chiclayo,-6.7677972,-79.8325989
58,59,Universidad Jaime Bausate y Meza,Lima,Lima,Ley N° 29278,13/11/2008,,16/06/2018,Universidad privada,Res. N° 057-2018-SUNEDU/CD,Asociativa,Universidad Jaime Bausate y Meza Lima Lima,-12.0849556,-77.0547406
59,60,Universidad Peruana del Centro,Junín,Huancayo,Res. N° 133-2009-CONAFU,11/03/2009,,,Universidad privada,,Asociativa,Universidad Peruana del Centro Junín Huancayo,-12.0700173,-75.2115571
60,61,Universidad Privada Arzobispo Loayza S.A.C,Lima,Lima,Res. N° 129-2009-CONAFU,12/03/2009,,13/06/2019,Universidad privada,Res. N° 080-2019-SUNEDU/CD,Societaria,Universidad Privada Arzobispo Loayza S.A.C Lima Lima,-12.0741046,-77.035806
61,62,Universidad Le Cordon Bleu S.A.C.,Lima,Lima,Res. N° 220-2009-CONAFU,08/05/2009,,16/11/2018,Universidad privada,Res. N° 151-2018-SUNEDU/CD,Societaria,Universidad Le Cordon Bleu S.A.C. Lima Lima,-12.0987694,-77.05647119999999
62,63,Universidad Privada de Huancayo Franklin Roosevelt,Junín,Huancayo,Res. N° 571-2009-CONAFU,20/11/2009,,12/06/2019,Universidad privada,Res. N° 078-2019-SUNEDU/CD,Societaria,Universidad Privada de Huancayo Franklin Roosevelt Junín Huancayo,-12.0421667,-75.19566329999999
63,64,Universidad de Lambayeque S.A.C.,Lambayeque,Chiclayo,Res. N° 010-2010-CONAFU,14/01/2010,,21/12/2018,Universidad privada,Res. N° 169-2018-SUNEDU/CD,Societaria,Universidad de Lambayeque S.A.C. Lambayeque Chiclayo,-6.7745742,-79.8450745
64,65,Universidad de Ciencias y Artes de América Latina S.A.C.,Lima,Lima,Res. N° 011-2010-CONAFU,14/01/2010,,12/10/2016,Universidad privada,Res. N° 035-2016-SUNEDU/CD,Societaria,Universidad de Ciencias y Artes de América Latina S.A.C. Lima Lima,-12.0857224,-76.90866880000002
65,66,Universidad Peruana de Arte Orval S.A.C.,Lima,Lima,Res. N° 029-2010-CONAFU,29/01/2010,,18/10/2018,Universidad privada,Res. N° 141-2018-SUNEDU/CD,Societaria,Universidad Peruana de Arte Orval S.A.C. Lima Lima,-12.1108158,-76.99129719999999
66,67,Universidad Privada de la Selva Peruana (*10),Loreto,Maynas,Res. N° 142-2010-CONAFU,15/03/2010,,,Universidad privada,,Societaria,Universidad Privada de la Selva Peruana (*10) Loreto Maynas,-3.7546883,-73.24716320000002
67,68,Universidad Ciencias de la Salud,Arequipa,Arequipa,Res. N° 115-2010-CONAFU,15/03/2010,,,Universidad privada,,Societaria,Universidad Ciencias de la Salud Arequipa Arequipa,-16.4028927,-71.5456435
68,69,Universidad de Ayacucho Federico Froebel,Ayacucho,Huamanga,Res. N° 155-2010-CONAFU,24/03/2010,,,Universidad privada,,Societaria,Universidad de Ayacucho Federico Froebel Ayacucho Huamanga,-13.1483883,-74.22870499999999
69,70,Universidad Peruana de Investigación y Negocios S.A.C.,Lima,Lima,Res. N° 191-2010-CONAFU,08/04/2010,,29/11/2018,Universidad privada,Res. N° 157-2018-SUNEDU/CD,Societaria,Universidad Peruana de Investigación y Negocios S.A.C. Lima Lima,-12.0825755,-77.0462738
70,71,Universidad Peruana Austral del Cusco,Cusco,Cusco,Res. N° 192-2010-CONAFU,08/04/2010,,,Universidad privada,,Societaria,Universidad Peruana Austral del Cusco Cusco Cusco,-13.5255413,-71.9515765
71,72,Universidad Autónoma San Francisco,Arequipa,Arequipa,Res. N° 196-2010-CONAFU,08/04/2010,,,Universidad privada,,Societaria,Universidad Autónoma San Francisco Arequipa Arequipa,-16.4007953,-71.53905809999999
72,73,Universidad San Andrés,Lima,Lima,Res. N° 197-2010-CONAFU,08/04/2010,,04/07/2019,Universidad privada,Res. N° 087-2019-SUNEDU/CD,Societaria,Universidad San Andrés Lima Lima,-11.9905165,-77.0598493
73,74,Universidad Interamericana para el Desarrollo,Lima,Lima,Res. N° 199-2010-CONAFU,08/04/2010,,,Universidad privada,,Societaria,Universidad Interamericana para el Desarrollo Lima Lima,-12.0563556,-77.04450589999999
74,75,Universidad Privada Juan Pablo II,Lima,Lima,Res. N° 200-2010-CONAFU,08/04/2010,,,Universidad privada,,Societaria,Universidad Privada Juan Pablo II Lima Lima,-12.0211306,-76.9037173
75,76,Universidad Privada Leonardo Da Vinci S.A.C. (*11),La Libertad,Trujillo,Res. N° 202-2010-CONAFU,08/04/2010,,,Universidad privada,,Societaria,Universidad Privada Leonardo Da Vinci S.A.C. (*11) La Libertad Trujillo,-8.1151,-79.03193999999999
76,77,Universidad de Ingeniería y Tecnología,Lima,Lima,Res. N° 401-2011-CONAFU,12/08/2011,,25/03/2016,Universidad privada,Res. N° 015-2016-SUNEDU/CD,Asociativa,Universidad de Ingeniería y Tecnología Lima Lima,-12.1353732,-77.0220855
77,78,Universidad La Salle,Arequipa,Arequipa,Res. N° 402-2011-CONAFU,12/08/2011,,19/01/2018,Universidad privada,Res. N° 003-2018-SUNEDU/CD,Asociativa,Universidad La Salle Arequipa Arequipa,-16.424163,-71.556192
78,79,Universidad Latinoamericana CIMA,Tacna,Tacna,Res. N° 474-2011-CONAFU,22/09/2011,,,Universidad privada,,Societaria,Universidad Latinoamericana CIMA Tacna Tacna,-18.0155585,-70.242308
79,80,Universidad Privada Autónoma del Sur,Arequipa,Arequipa,Res. N° 506-2011-CONAFU,06/10/2011,,,Universidad privada,,Societaria,Universidad Privada Autónoma del Sur Arequipa Arequipa,-16.4084459,-71.5280816
80,81,Universidad María Auxiliadora,Lima,Lima,Res. N° 649-2011-CONAFU,22/12/2011,,19/10/2018,Universidad privada,Res. N° 143-2018-SUNEDU/CD,Societaria,Universidad María Auxiliadora Lima Lima,-11.97818,-77.01687
81,82,Universidad Politécnica Amazónica S.A.C.,Amazonas,Utcubamba,Res. N° 650-2011-CONAFU,22/12/2011,,,Universidad privada,,Societaria,Universidad Politécnica Amazónica S.A.C. Amazonas Utcubamba,-5.747067599999999,-78.44946809999999
82,83,Universidad Santo Domingo de Guzmán,Lima,Huarochirí,Res. N° 401-2012-CONAFU,25/07/2012,,,Universidad privada,,Societaria,Universidad Santo Domingo de Guzmán Lima Huarochirí,-11.9113324,-76.982951
83,84,Universidad Marítima del Perú,Callao,Callao,Res. N° 403-2012-CONAFU,25/07/2012,,18/01/2019,Universidad privada,Res. N° 004-2019-SUNEDU/CD,Societaria,Universidad Marítima del Perú Callao Callao,-12.0614627,-77.1470315
84,85,Universidad Privada Líder Peruana,Cusco,La Convención,Res. N° 404-2012-CONAFU,25/07/2012,,,Universidad privada,,Societaria,Universidad Privada Líder Peruana Cusco La Convención,-12.8604607,-72.6921444
85,86,Universidad Privada Peruano Alemana S.AC.,Lima,Lima,Res. N° 405-2012-CONAFU,25/07/2012,,06/08/2019,Universidad privada,Res. N° 105-2019-SUNEDU/CD,Societaria,Universidad Privada Peruano Alemana S.AC. Lima Lima,-12.1661519,-77.0236628
86,87,Universidad Global del Cusco,Cusco,Cusco,Res. N° 406-2012-CONAFU,25/07/2012,,,Universidad privada,,Societaria,Universidad Global del Cusco Cusco Cusco,-13.5242195,-71.9436937
87,88,Universidad Santo Tomás de Aquino de Ciencia e Integración,Junín,Huancayo,Res. N° 407-2012-CONAFU,25/07/2012,,,Universidad privada,,Societaria,Universidad Santo Tomás de Aquino de Ciencia e Integración Junín Huancayo,-12.0840468,-75.20848769999999
88,89,Universidad Privada SISE,Lima,Lima,Res. N° 408-2012-CONAFU,25/07/2012,,,Universidad privada,,Societaria,Universidad Privada SISE Lima Lima,-12.0776452,-77.0358547
89,90,Universidad Seminario Evangélico de Lima (*12),Lima,Lima,Ley N° 30220,09/07/2014,,,Universidad privada,,Asociativa,Universidad Seminario Evangélico de Lima (*12) Lima Lima,-12.0639589,-76.96007399999999
90,91,Universidad Seminario Bíblico Andino (*12),Lima,Lima,Ley N° 30220,09/07/2014,,,Universidad privada,,Asociativa,Universidad Seminario Bíblico Andino (*12) Lima Lima,-12.0696208,-77.0533978
91,92,Universidad Católica San José,Lima,Lima,Real Cédula de Fundación,12/05/1551,,,Universidad privada,,Asociativa,Universidad Católica San José Lima Lima,-12.0836816,-77.0691681
